name,type,image_name,page_url
Raakh,series,raakh.jpg,https://tuk.tuktukarab.cfd/%D9%85%D8%B3%D9%84%D8%B3%D9%84-raakh-%D8%A7%D9%84%D9%85%D9%88%D8%B3%D9%85-%D8%A7%D9%84%D8%A7%D9%88%D9%84-%D8%A7%D9%84%D8%AD%D9%84%D9%82%D8%A9-1/
Matka King,series,matka-king.jpg,https://tuk.tuktukarab.cfd/%D9%85%D8%B3%D9%84%D8%B3%D9%84-matka-king-%D8%A7%D9%84%D9%85%D9%88%D8%B3%D9%85-%D8%A7%D9%84%D8%A7%D9%88%D9%84-%D8%A7%D9%84%D8%AD%D9%84%D9%82%D8%A9-1/
Jubilee,series,jubilee.jpg,https://tuk.tuktukarab.cfd/%D9%85%D8%B3%D9%84%D8%B3%D9%84-jubilee-%D8%A7%D9%84%D9%85%D9%88%D8%B3%D9%85-%D8%A7%D9%84%D8%A7%D9%88%D9%84-%D8%A7%D9%84%D8%AD%D9%84%D9%82%D8%A9-1/
Choona,series,choona.jpg,https://tuk.tuktukarab.cfd/%D9%85%D8%B3%D9%84%D8%B3%D9%84-choona-%D8%A7%D9%84%D9%85%D9%88%D8%B3%D9%85-%D8%A7%D9%84%D8%A7%D9%88%D9%84-%D8%A7%D9%84%D8%AD%D9%84%D9%82%D8%A9-1/
Sanxian Lun Hui,series,sanxian-lun-hui.jpg,https://tuk.tuktukarab.cfd/%D8%A7%D9%86%D9%85%D9%8A-sanxian-lun-hui-%D8%A7%D9%84%D8%AD%D9%84%D9%82%D8%A9-1-%D9%85%D8%AA%D8%B1%D8%AC%D9%85%D8%A9/
Guimi Zhi Zhu: Xiaochou Pian,series,guimi-zhi-zhu-xiaochou-pian.jpg,https://tuk.tuktukarab.cfd/%D8%A7%D9%86%D9%85%D9%8A-guimi-zhi-zhu-xiaochou-pian-%D8%A7%D9%84%D8%AD%D9%84%D9%82%D8%A9-1-%D9%85%D8%AA%D8%B1%D8%AC%D9%85%D8%A9/
Hanashura,series,hanashura.jpg,https://tuk.tuktukarab.cfd/%D8%A7%D9%86%D9%85%D9%8A-hanashura-%D8%A7%D9%84%D8%AD%D9%84%D9%82%D8%A9-1-%D9%85%D8%AA%D8%B1%D8%AC%D9%85%D8%A9/
Babanbabanban Vampire,series,babanbabanban-vampire.jpg,https://tuk.tuktukarab.cfd/%D8%A7%D9%86%D9%85%D9%8A-babanbabanban-vampire-%D8%A7%D9%84%D8%AD%D9%84%D9%82%D8%A9-1-%D9%85%D8%AA%D8%B1%D8%AC%D9%85%D8%A9/
Monogatari Series: Off & Monster Season,series,monogatari-series-off-monster-season.jpg,https://tuk.tuktukarab.cfd/%D8%A7%D9%86%D9%85%D9%8A-monogatari-series-off-monster-season-%D8%A7%D9%84%D8%AD%D9%84%D9%82%D8%A9-1-%D9%85%D8%AA%D8%B1%D8%AC%D9%85%D8%A9/
Kidou Senshi Gundam: Fukushuu no Requiem,series,kidou-senshi-gundam-fukushuu-no-requiem.jpg,https://tuk.tuktukarab.cfd/%D8%A7%D9%86%D9%85%D9%8A-kidou-senshi-gundam-fukushuu-no-requiem-%D8%A7%D9%84%D8%AD%D9%84%D9%82%D8%A9-1-%D9%85%D8%AA%D8%B1%D8%AC%D9%85%D8%A9/
Barbie Mysteries: The Great Horse Chase,series,barbie-mysteries-the-great-horse-chase.jpg,https://tuk.tuktukarab.cfd/%D9%85%D8%B3%D9%84%D8%B3%D9%84-barbie-mysteries-the-great-horse-chase-%D8%A7%D9%84%D9%85%D9%88%D8%B3%D9%85-%D8%A7%D9%84%D8%A7%D9%88%D9%84-%D8%A7%D9%84%D8%AD%D9%84%D9%82%D8%A9-1/
Tian Guan Cifu,series,tian-guan-cifu.jpg,https://tuk.tuktukarab.cfd/%D8%A7%D9%88%D9%86%D8%A7-tian-guan-cifu-er-%D8%A7%D9%84%D8%AD%D9%84%D9%82%D8%A9-1-%D9%85%D8%AA%D8%B1%D8%AC%D9%85%D8%A9/
Onmyoji,series,onmyoji.jpg,https://tuk.tuktukarab.cfd/%D8%A7%D9%86%D9%85%D9%8A-onmyoji-%D8%A7%D9%84%D8%AD%D9%84%D9%82%D8%A9-1-%D9%85%D8%AA%D8%B1%D8%AC%D9%85%D8%A9/
The Exorcist Boner,series,the-exorcist-boner.jpg,https://tuk.tuktukarab.cfd/%D9%85%D8%B3%D9%84%D8%B3%D9%84-the-exorcist-boner-%D8%A7%D9%84%D9%85%D9%88%D8%B3%D9%85-%D8%A7%D9%84%D8%AB%D8%A7%D9%86%D9%8A-%D8%A7%D9%84%D8%AD%D9%84%D9%82%D8%A9-1/
Yahari ore no seishun rabukome wa machigatteiru,series,yahari-ore-no-seishun-rabukome-wa-machigatteiru.jpg,https://tuk.tuktukarab.cfd/%D8%A7%D9%88%D9%81%D8%A7-yahari-ore-no-seishun-love-comedy-wa-machigatteiru-kan-ova-%D9%85%D8%AA%D8%B1%D8%AC%D9%85%D8%A9/
Pokémon (2019),series,pok-mon-2019.jpg,https://tuk.tuktukarab.cfd/%D8%A7%D9%86%D9%85%D9%8A-pokemon-2019-%D8%A7%D9%84%D8%AD%D9%84%D9%82%D8%A9-%D8%A7%D9%84%D8%AE%D8%A7%D8%B5%D8%A9-%D9%85%D8%AA%D8%B1%D8%AC%D9%85%D8%A9/
ذات اخري,series,ذات-اخري.jpg,https://tuk.tuktukarab.cfd/%D9%85%D8%B3%D9%84%D8%B3%D9%84-%D8%B0%D8%A7%D8%AA-%D8%A3%D8%AE%D8%B1%D9%89-%D8%A7%D9%84%D9%85%D9%88%D8%B3%D9%85-%D8%A7%D9%84%D8%AB%D8%A7%D9%84%D8%AB-%D8%A7%D9%84%D8%AD%D9%84%D9%82%D8%A9-1-%D9%85%D8%AA%D8%B1%D8%AC%D9%85%D8%A9/
Straight to Hell,series,straight-to-hell.jpg,https://tuk.tuktukarab.cfd/%D9%85%D8%B3%D9%84%D8%B3%D9%84-%D9%85%D8%A8%D8%A7%D8%B4%D8%B1%D8%A9-%D8%A5%D9%84%D9%89-%D8%A7%D9%84%D8%AC%D8%AD%D9%8A%D9%85-straight-to-hell-%D8%A7%D9%84%D8%AD%D9%84%D9%82%D8%A9-1/
من التالي,series,من-التالي.jpg,https://tuk.tuktukarab.cfd/%D9%85%D8%B3%D9%84%D8%B3%D9%84-%D9%85%D9%86-%D8%A7%D9%84%D8%AA%D8%A7%D9%84%D9%8A-%D8%A7%D9%84%D9%85%D9%88%D8%B3%D9%85-%D8%A7%D9%84%D8%AB%D8%A7%D9%84%D8%AB-%D8%A7%D9%84%D8%AD%D9%84%D9%82%D8%A9-1-%D9%85%D8%AA%D8%B1%D8%AC%D9%85%D8%A9/
Million-Follower Detective,series,million-follower-detective.jpg,https://tuk.tuktukarab.cfd/%D9%85%D8%B3%D9%84%D8%B3%D9%84-%D9%85%D8%AD%D9%82%D9%82%D8%A9-%D9%88%D9%85%D9%84%D9%8A%D9%88%D9%86-%D9%85%D8%AA%D8%A7%D8%A8%D8%B9-million-follower-detective-%D8%A7%D9%84%D8%AD%D9%84%D9%82%D8%A9-1/
Single’s Inferno,series,single-s-inferno.jpg,https://tuk.tuktukarab.cfd/%D8%A8%D8%B1%D9%86%D8%A7%D9%85%D8%AC-singles-inferno-%D8%A7%D9%84%D9%85%D9%88%D8%B3%D9%85-%D8%A7%D9%84%D8%AE%D8%A7%D9%85%D8%B3-%D8%A7%D9%84%D8%AD%D9%84%D9%82%D8%A9-1/
His and Hers,series,his-and-hers.jpg,https://tuk.tuktukarab.cfd/%D9%85%D8%B3%D9%84%D8%B3%D9%84-his-hers-%D8%A7%D9%84%D9%85%D9%88%D8%B3%D9%85-%D8%A7%D9%84%D8%A7%D9%88%D9%84-%D8%A7%D9%84%D8%AD%D9%84%D9%82%D8%A9-1/
Had I Not Seen the Sun,series,had-i-not-seen-the-sun.jpg,https://tuk.tuktukarab.cfd/%D9%85%D8%B3%D9%84%D8%B3%D9%84-%D9%84%D9%88-%D8%A3%D9%86%D9%86%D9%8A-%D9%85%D8%A7-%D8%B1%D8%A3%D9%8A%D8%AA-%D8%A7%D9%84%D8%B4%D9%85%D8%B3-had-i-not-seen-the-sun-part-2-%D8%A7%D9%84%D8%AD%D9%84%D9%82%D8%A9-1/
Hospital Playlist,series,hospital-playlist.jpg,https://tuk.tuktukarab.cfd/%D9%85%D8%B3%D9%84%D8%B3%D9%84-%D9%82%D8%A7%D8%A6%D9%85%D8%A9-%D8%AA%D8%B4%D8%BA%D9%8A%D9%84-%D8%A7%D9%84%D9%85%D8%B3%D8%AA%D8%B4%D9%81%D9%89-hospital-playlist-season-2-%D8%A7%D9%84%D8%AD%D9%84%D9%82%D8%A9-1/
Ai Naki Mori de Sakebe,series,ai-naki-mori-de-sakebe.jpg,https://tuk.tuktukarab.cfd/%D9%85%D8%B3%D9%84%D8%B3%D9%84-%D8%BA%D8%A7%D8%A8%D8%A9-%D8%A7%D9%84%D8%AD%D8%A8-%D8%AC%D8%B1%D9%88%D8%AD-%D8%B9%D9%85%D9%8A%D9%82%D8%A9-the-forest-of-love-deep-cut-%D8%A7%D9%84%D8%AD%D9%84%D9%82%D8%A9-1/
The Leopard,series,the-leopard.jpg,https://tuk.tuktukarab.cfd/%D9%85%D8%B3%D9%84%D8%B3%D9%84-the-leopard-%D8%A7%D9%84%D9%85%D9%88%D8%B3%D9%85-%D8%A7%D9%84%D8%A7%D9%88%D9%84-%D8%A7%D9%84%D8%AD%D9%84%D9%82%D8%A9-1/
The Glory,series,the-glory.jpg,https://tuk.tuktukarab.cfd/%D9%85%D8%B3%D9%84%D8%B3%D9%84-%D9%85%D8%AC%D8%AF-%D8%A7%D9%84%D8%A5%D9%86%D8%AA%D9%82%D8%A7%D9%85-the-glory-part-2-%D8%A7%D9%84%D8%AD%D9%84%D9%82%D8%A9-1/
Partners for Justice,series,partners-for-justice.jpg,https://tuk.tuktukarab.cfd/%D9%85%D8%B3%D9%84%D8%B3%D9%84-%D8%AB%D9%86%D8%A7%D8%A6%D9%8A-%D8%A7%D9%84%D8%AA%D8%AD%D9%82%D9%8A%D9%82-partners-for-justice-season-2-%D8%A7%D9%84%D8%AD%D9%84%D9%82%D8%A9-1/
The Hooligan,series,the-hooligan.jpg,https://tuk.tuktukarab.cfd/%D9%85%D8%B3%D9%84%D8%B3%D9%84-the-hooligan-%D8%A7%D9%84%D9%85%D9%88%D8%B3%D9%85-%D8%A7%D9%84%D8%A7%D9%88%D9%84-%D8%A7%D9%84%D8%AD%D9%84%D9%82%D8%A9-1/
Shafted,series,shafted.jpg,https://tuk.tuktukarab.cfd/%D9%85%D8%B3%D9%84%D8%B3%D9%84-shafted-%D8%A7%D9%84%D9%85%D9%88%D8%B3%D9%85-%D8%A7%D9%84%D8%A7%D9%88%D9%84-%D8%A7%D9%84%D8%AD%D9%84%D9%82%D8%A9-1/
زمالةمجهولين,series,زمالةمجهولين.jpg,https://tuk.tuktukarab.cfd/%D9%85%D8%B3%D9%84%D8%B3%D9%84-%D8%B2%D9%85%D8%A7%D9%84%D8%A9-%D8%A7%D9%84%D8%B9%D8%B4%D8%A7%D9%82-%D8%A7%D9%84%D9%85%D8%AC%D9%87%D9%88%D9%84%D9%8A%D9%86-%D8%A7%D9%84%D8%AD%D9%84%D9%82%D8%A9-1-%D9%85%D8%AA%D8%B1%D8%AC%D9%85%D8%A9/
Public Disorder,series,public-disorder.jpg,https://tuk.tuktukarab.cfd/%D9%85%D8%B3%D9%84%D8%B3%D9%84-public-disorder-%D8%A7%D9%84%D9%85%D9%88%D8%B3%D9%85-%D8%A7%D9%84%D8%A7%D9%88%D9%84-%D8%A7%D9%84%D8%AD%D9%84%D9%82%D8%A9-1/
برنامج Dubai Bling,series,برنامج-dubai-bling.jpg,https://tuk.tuktukarab.cfd/%D8%A8%D8%B1%D9%86%D8%A7%D9%85%D8%AC-dubai-bling-%D8%A7%D9%84%D9%85%D9%88%D8%B3%D9%85-%D8%A7%D9%84%D8%A7%D9%88%D9%84-%D8%A7%D9%84%D8%AD%D9%84%D9%82%D8%A9-1/
The Fiery Priest,series,the-fiery-priest.jpg,https://tuk.tuktukarab.cfd/%D9%85%D8%B3%D9%84%D8%B3%D9%84-%D8%A7%D9%84%D9%83%D8%A7%D9%87%D9%86-%D8%A7%D9%84%D9%86%D8%A7%D8%B1%D9%8A-the-fiery-priest-season-2-%D8%A7%D9%84%D8%AD%D9%84%D9%82%D8%A9-1/
Hokago Karte,series,hokago-karte.jpg,https://tuk.tuktukarab.cfd/%D9%85%D8%B3%D9%84%D8%B3%D9%84-%D8%B3%D8%AC%D9%84%D8%A7%D8%AA-%D9%85%D8%A7-%D8%A8%D8%B9%D8%AF-%D8%A7%D9%84%D9%85%D8%AF%D8%B1%D8%B3%D8%A9-hokago-karte-%D8%A7%D9%84%D8%AD%D9%84%D9%82%D8%A9-1/
Love Village,series,love-village.jpg,https://tuk.tuktukarab.cfd/%D9%85%D8%B3%D9%84%D8%B3%D9%84-%D8%A8%D9%84%D8%AF%D8%A9-%D8%A7%D9%84%D8%AD%D8%A8-love-village-2-%D8%A7%D9%84%D8%AD%D9%84%D9%82%D8%A9-1/
Club of Crows,series,club-of-crows.jpg,https://tuk.tuktukarab.cfd/%D9%85%D8%B3%D9%84%D8%B3%D9%84-club-de-cuervos-%D8%A7%D9%84%D9%85%D9%88%D8%B3%D9%85-%D8%A7%D9%84%D8%B1%D8%A7%D8%A8%D8%B9-%D8%A7%D9%84%D8%AD%D9%84%D9%82%D8%A9-1/
أرشان كونيري,series,أرشان-كونيري.jpg,https://tuk.tuktukarab.cfd/%D9%85%D8%B3%D9%84%D8%B3%D9%84-%D8%A3%D8%B1%D8%B4%D8%A7%D9%86-%D9%83%D9%88%D9%86%D9%8A%D8%B1%D9%8A-%D8%A7%D9%84%D9%85%D9%88%D8%B3%D9%85-%D8%A7%D9%84%D8%AB%D8%A7%D9%86%D9%8A-%D8%A7%D9%84%D8%AD%D9%84%D9%82%D8%A9-1-%D9%85%D8%AA%D8%B1%D8%AC%D9%85%D8%A9/
الحامي,series,الحامي.jpg,https://tuk.tuktukarab.cfd/%D9%85%D8%B3%D9%84%D8%B3%D9%84-%D8%A7%D9%84%D8%AD%D8%A7%D9%85%D9%8A-%D8%A7%D9%84%D9%85%D9%88%D8%B3%D9%85-%D8%A7%D9%84%D8%B1%D8%A7%D8%A8%D8%B9-%D8%A7%D9%84%D8%AD%D9%84%D9%82%D8%A9-1-%D9%85%D8%AA%D8%B1%D8%AC%D9%85%D8%A9/
The Empress,series,the-empress.jpg,https://tuk.tuktukarab.cfd/%D9%85%D8%B3%D9%84%D8%B3%D9%84-the-empress-%D8%A7%D9%84%D9%85%D9%88%D8%B3%D9%85-%D8%A7%D9%84%D8%AB%D8%A7%D9%86%D9%8A-%D8%A7%D9%84%D8%AD%D9%84%D9%82%D8%A9-1/
Sayonara no Tsuzuki,series,sayonara-no-tsuzuki.jpg,https://tuk.tuktukarab.cfd/%D9%85%D8%B3%D9%84%D8%B3%D9%84-%D9%85%D8%A7-%D8%A8%D8%B9%D8%AF-%D8%A7%D9%84%D9%88%D8%AF%D8%A7%D8%B9-sayonara-no-tsuzuki-%D8%A7%D9%84%D8%AD%D9%84%D9%82%D8%A9-1/
Sprint,series,sprint.jpg,https://tuk.tuktukarab.cfd/%D9%85%D8%B3%D9%84%D8%B3%D9%84-sprint-%D8%A7%D9%84%D9%85%D9%88%D8%B3%D9%85-%D8%A7%D9%84%D8%AB%D8%A7%D9%86%D9%8A-%D8%A7%D9%84%D8%AD%D9%84%D9%82%D8%A9-1/
Last One Standing,series,last-one-standing.jpg,https://tuk.tuktukarab.cfd/%D9%85%D8%B3%D9%84%D8%B3%D9%84-%D8%A2%D8%AE%D8%B1-%D8%A7%D9%84%D9%85%D8%B4%D8%A7%D9%87%D9%8A%D8%B1-%D8%A7%D9%84%D8%B5%D8%A7%D9%85%D8%AF%D9%8A%D9%86-3-last-one-standing-%D8%A7%D9%84%D8%AD%D9%84%D9%82%D8%A9-1/
Reply 1988,series,reply-1988.jpg,https://tuk.tuktukarab.cfd/%D9%85%D8%B3%D9%84%D8%B3%D9%84-reply-1988-%D8%A7%D9%84%D8%AD%D9%84%D9%82%D8%A9-1/
Serendipity’s Embrace,series,serendipity-s-embrace.jpg,https://tuk.tuktukarab.cfd/%D9%85%D8%B3%D9%84%D8%B3%D9%84-%D8%A7%D8%AD%D8%AA%D8%B6%D8%A7%D9%86-%D8%A7%D9%84%D8%B5%D8%AF%D9%81%D8%A9-serendipitys-embrace-%D8%A7%D9%84%D8%AD%D9%84%D9%82%D8%A9-1/
Messo mo Nai,series,messo-mo-nai.jpg,https://tuk.tuktukarab.cfd/%D9%85%D8%B3%D9%84%D8%B3%D9%84-%D9%84%D8%A7-%D9%8A%D8%B5%D8%AF%D9%82-messo-mo-nai-%D8%A7%D9%84%D8%AD%D9%84%D9%82%D8%A9-1/
Women of the Night,series,women-of-the-night.jpg,https://tuk.tuktukarab.cfd/%D9%85%D8%B3%D9%84%D8%B3%D9%84-women-of-the-night-%D8%A7%D9%84%D9%85%D9%88%D8%B3%D9%85-%D8%A7%D9%84%D8%A7%D9%88%D9%84-%D8%A7%D9%84%D8%AD%D9%84%D9%82%D8%A9-1/
Holy Family,series,holy-family.jpg,https://tuk.tuktukarab.cfd/%D9%85%D8%B3%D9%84%D8%B3%D9%84-holy-family-%D8%A7%D9%84%D9%85%D9%88%D8%B3%D9%85-%D8%A7%D9%84%D8%A7%D9%88%D9%84-%D8%A7%D9%84%D8%AD%D9%84%D9%82%D8%A9-1/
Olóládé,series,ol-l-d.jpg,https://tuk.tuktukarab.cfd/%D9%85%D8%B3%D9%84%D8%B3%D9%84-ololade-%D8%A7%D9%84%D9%85%D9%88%D8%B3%D9%85-%D8%A7%D9%84%D8%A7%D9%88%D9%84-%D8%A7%D9%84%D8%AD%D9%84%D9%82%D8%A9-1/
ممن كنا نهرب يا أمي؟,series,ممن-كنا-نهرب-يا-أمي؟.jpg,https://tuk.tuktukarab.cfd/%D9%85%D8%B3%D9%84%D8%B3%D9%84-%D9%85%D9%85%D9%86-%D9%83%D9%86%D8%A7-%D9%86%D9%87%D8%B1%D8%A8-%D9%8A%D8%A7-%D8%A3%D9%85%D9%8A-%D8%A7%D9%84%D8%AD%D9%84%D9%82%D8%A9-1-%D9%85%D8%AA%D8%B1%D8%AC%D9%85%D8%A9/
Sleeping Dog,series,sleeping-dog.jpg,https://tuk.tuktukarab.cfd/%D9%85%D8%B3%D9%84%D8%B3%D9%84-sleeping-dog-%D8%A7%D9%84%D9%85%D9%88%D8%B3%D9%85-%D8%A7%D9%84%D8%A7%D9%88%D9%84-%D8%A7%D9%84%D8%AD%D9%84%D9%82%D8%A9-1/
Aspirants,series,aspirants.jpg,https://tuk.tuktukarab.cfd/%D9%85%D8%B3%D9%84%D8%B3%D9%84-aspirants-%D8%A7%D9%84%D9%85%D9%88%D8%B3%D9%85-%D8%A7%D9%84%D8%A7%D9%88%D9%84-%D8%A7%D9%84%D8%AD%D9%84%D9%82%D8%A9-1/
Standing Up,series,standing-up.jpg,https://tuk.tuktukarab.cfd/%D9%85%D8%B3%D9%84%D8%B3%D9%84-standing-up-%D8%A7%D9%84%D9%85%D9%88%D8%B3%D9%85-%D8%A7%D9%84%D8%A7%D9%88%D9%84-%D8%A7%D9%84%D8%AD%D9%84%D9%82%D8%A9-1/
The Longest Night,series,the-longest-night.jpg,https://tuk.tuktukarab.cfd/%D9%85%D8%B3%D9%84%D8%B3%D9%84-the-longest-night-%D8%A7%D9%84%D9%85%D9%88%D8%B3%D9%85-%D8%A7%D9%84%D8%A7%D9%88%D9%84-%D8%A7%D9%84%D8%AD%D9%84%D9%82%D8%A9-1/
Two Summers,series,two-summers.jpg,https://tuk.tuktukarab.cfd/%D9%85%D8%B3%D9%84%D8%B3%D9%84-two-summers-%D8%A7%D9%84%D9%85%D9%88%D8%B3%D9%85-%D8%A7%D9%84%D8%A7%D9%88%D9%84-%D8%A7%D9%84%D8%AD%D9%84%D9%82%D8%A9-1/
First Class,series,first-class.jpg,https://tuk.tuktukarab.cfd/%D9%85%D8%B3%D9%84%D8%B3%D9%84-first-class-%D8%A7%D9%84%D9%85%D9%88%D8%B3%D9%85-%D8%A7%D9%84%D8%A7%D9%88%D9%84-%D8%A7%D9%84%D8%AD%D9%84%D9%82%D8%A9-1/
Notre-Dame,series,notre-dame.jpg,https://tuk.tuktukarab.cfd/%D9%85%D8%B3%D9%84%D8%B3%D9%84-notre-dame-%D8%A7%D9%84%D9%85%D9%88%D8%B3%D9%85-%D8%A7%D9%84%D8%A7%D9%88%D9%84-%D8%A7%D9%84%D8%AD%D9%84%D9%82%D8%A9-1/
Old Enough!,series,old-enough.jpg,https://tuk.tuktukarab.cfd/%D9%85%D8%B3%D9%84%D8%B3%D9%84-%D8%A3%D8%B5%D8%A8%D8%AD%D9%86%D8%A7-%D9%83%D8%A8%D8%A7%D8%B1%D8%A7-2-old-enough-%D8%A7%D9%84%D8%AD%D9%84%D9%82%D8%A9-1/
Take 1,series,take-1.jpg,https://tuk.tuktukarab.cfd/%D9%85%D8%B3%D9%84%D8%B3%D9%84-take-1-%D8%A3%D8%BA%D9%86%D9%8A%D8%AA%D9%8A-%D8%A7%D9%84%D8%A3%D8%AE%D9%8A%D8%B1%D8%A9-%D8%A7%D9%84%D8%AD%D9%84%D9%82%D8%A9-1/
برنامج The Law of the Jungle,series,برنامج-the-law-of-the-jungle.jpg,https://tuk.tuktukarab.cfd/%D8%A8%D8%B1%D9%86%D8%A7%D9%85%D8%AC-the-law-of-the-jungle-%D8%A7%D9%84%D9%85%D9%88%D8%B3%D9%85-%D8%A7%D9%84%D8%A7%D9%88%D9%84-%D8%A7%D9%84%D8%AD%D9%84%D9%82%D8%A9-1/
Thicker Than Water,series,thicker-than-water.jpg,https://tuk.tuktukarab.cfd/%D9%85%D8%B3%D9%84%D8%B3%D9%84-thicker-than-water-%D8%A7%D9%84%D9%85%D9%88%D8%B3%D9%85-%D8%A7%D9%84%D8%A7%D9%88%D9%84-%D8%A7%D9%84%D8%AD%D9%84%D9%82%D8%A9-1/
Thirty-Nine,series,thirty-nine.jpg,https://tuk.tuktukarab.cfd/%D9%85%D8%B3%D9%84%D8%B3%D9%84-%D8%AA%D8%B3%D8%B9%D8%A9-%D9%88%D8%AB%D9%84%D8%A7%D8%AB%D9%88%D9%86-thirty-nine-%D8%A7%D9%84%D8%AD%D9%84%D9%82%D8%A9-1/
Summer Heat,series,summer-heat.jpg,https://tuk.tuktukarab.cfd/%D9%85%D8%B3%D9%84%D8%B3%D9%84-summer-heat-%D8%A7%D9%84%D9%85%D9%88%D8%B3%D9%85-%D8%A7%D9%84%D8%A7%D9%88%D9%84-%D8%A7%D9%84%D8%AD%D9%84%D9%82%D8%A9-1/
Glória,series,gl-ria.jpg,https://tuk.tuktukarab.cfd/%D9%85%D8%B3%D9%84%D8%B3%D9%84-gloria-%D8%A7%D9%84%D9%85%D9%88%D8%B3%D9%85-%D8%A7%D9%84%D8%A7%D9%88%D9%84-%D8%A7%D9%84%D8%AD%D9%84%D9%82%D8%A9-1/
Everything Will be Fine,series,everything-will-be-fine.jpg,https://tuk.tuktukarab.cfd/%D9%85%D8%B3%D9%84%D8%B3%D9%84-everything-will-be-fine-%D8%A7%D9%84%D9%85%D9%88%D8%B3%D9%85-%D8%A7%D9%84%D8%A7%D9%88%D9%84-%D8%A7%D9%84%D8%AD%D9%84%D9%82%D8%A9-1/
Hit and Run,series,hit-and-run.jpg,https://tuk.tuktukarab.cfd/%D9%85%D8%B3%D9%84%D8%B3%D9%84-hit-and-run-%D8%A7%D9%84%D9%85%D9%88%D8%B3%D9%85-%D8%A7%D9%84%D8%A7%D9%88%D9%84-%D8%A7%D9%84%D8%AD%D9%84%D9%82%D8%A9-1/
Dealer,series,dealer.jpg,https://tuk.tuktukarab.cfd/%D9%85%D8%B3%D9%84%D8%B3%D9%84-dealer-%D8%A7%D9%84%D9%85%D9%88%D8%B3%D9%85-%D8%A7%D9%84%D8%A7%D9%88%D9%84-%D8%A7%D9%84%D8%AD%D9%84%D9%82%D8%A9-1/
Marriage Lyrics For Divorce Music,series,marriage-lyrics-for-divorce-music.jpg,https://tuk.tuktukarab.cfd/%D9%85%D8%B3%D9%84%D8%B3%D9%84-%D9%83%D9%84%D9%85%D8%A7%D8%AA-%D8%A7%D9%84%D8%B2%D9%88%D8%A7%D8%AC-3-love-%D8%A7%D9%84%D8%AD%D9%84%D9%82%D8%A9-1/
Mystery Lab,series,mystery-lab.jpg,https://tuk.tuktukarab.cfd/%D9%85%D8%B3%D9%84%D8%B3%D9%84-mystery-lab-%D8%A7%D9%84%D9%85%D9%88%D8%B3%D9%85-%D8%A7%D9%84%D8%A7%D9%88%D9%84-%D8%A7%D9%84%D8%AD%D9%84%D9%82%D8%A9-1/
Inhuman Resources,series,inhuman-resources.jpg,https://tuk.tuktukarab.cfd/%D9%85%D8%B3%D9%84%D8%B3%D9%84-inhuman-resources-%D8%A7%D9%84%D9%85%D9%88%D8%B3%D9%85-%D8%A7%D9%84%D8%A7%D9%88%D9%84-%D8%A7%D9%84%D8%AD%D9%84%D9%82%D8%A9-1/
Reverse,series,reverse.jpg,https://tuk.tuktukarab.cfd/%D9%85%D8%B3%D9%84%D8%B3%D9%84-%D9%8A%D8%B9%D9%83%D8%B3-reverse-%D8%A7%D9%84%D8%AD%D9%84%D9%82%D8%A9-1/
Reply 1997,series,reply-1997.jpg,https://tuk.tuktukarab.cfd/%D9%85%D8%B3%D9%84%D8%B3%D9%84-reply-1988-%D8%A7%D9%84%D8%AD%D9%84%D9%82%D8%A9-1/
Moon River,series,moon-river.jpg,https://tuk.tuktukarab.cfd/%D9%85%D8%B3%D9%84%D8%B3%D9%84-%D9%86%D9%87%D8%B1-%D8%A7%D9%84%D9%82%D9%85%D8%B1-moon-river-%D8%A7%D9%84%D8%AD%D9%84%D9%82%D8%A9-1/
Tempest,series,tempest.jpg,https://tuk.tuktukarab.cfd/%D9%85%D8%B3%D9%84%D8%B3%D9%84-%D8%A7%D9%84%D8%B9%D8%A7%D8%B5%D9%81%D8%A9-tempest-%D8%A7%D9%84%D8%AD%D9%84%D9%82%D8%A9-1/
Low Life,series,low-life.jpg,https://tuk.tuktukarab.cfd/%D9%85%D8%B3%D9%84%D8%B3%D9%84-%D8%AD%D9%8A%D8%A7%D8%A9-%D9%88%D8%B6%D9%8A%D8%B9%D8%A9-low-life-%D8%A7%D9%84%D8%AD%D9%84%D9%82%D8%A9-1/
Head over Heels,series,head-over-heels.jpg,https://tuk.tuktukarab.cfd/%D9%85%D8%B3%D9%84%D8%B3%D9%84-%D8%A7%D9%84%D9%87%D9%8A%D8%A7%D9%85-%D9%81%D9%8A-%D8%A7%D9%84%D8%AD%D8%A8-head-over-heels-%D8%A7%D9%84%D8%AD%D9%84%D9%82%D8%A9-1/
Shark 2: The Storm,series,shark-2-the-storm.jpg,https://tuk.tuktukarab.cfd/%D9%85%D8%B3%D9%84%D8%B3%D9%84-%D8%A7%D9%84%D9%82%D8%B1%D8%B4-2-%D8%A7%D9%84%D8%B9%D8%A7%D8%B5%D9%81%D8%A9-shark-2-the-storm-%D8%A7%D9%84%D8%AD%D9%84%D9%82%D8%A9-1/
Local Hero,series,local-hero.jpg,https://tuk.tuktukarab.cfd/%D9%85%D8%B3%D9%84%D8%B3%D9%84-%D8%A8%D8%B7%D9%84-%D8%A7%D9%84%D8%AD%D9%8A-local-hero-%D8%A7%D9%84%D8%AD%D9%84%D9%82%D8%A9-1/
Newtopia,series,newtopia.jpg,https://tuk.tuktukarab.cfd/%D9%85%D8%B3%D9%84%D8%B3%D9%84-%D9%86%D9%8A%D9%88%D8%AA%D9%88%D8%A8%D9%8A%D8%A7-newtopia-%D8%A7%D9%84%D8%AD%D9%84%D9%82%D8%A9-1/
Face Me,series,face-me.jpg,https://tuk.tuktukarab.cfd/%D9%85%D8%B3%D9%84%D8%B3%D9%84-%D9%88%D8%A7%D8%AC%D9%87%D9%86%D9%8A-face-me-%D8%A7%D9%84%D8%AD%D9%84%D9%82%D8%A9-1/
Love Next Door,series,love-next-door.jpg,https://tuk.tuktukarab.cfd/%D9%85%D8%B3%D9%84%D8%B3%D9%84-%D8%AD%D8%A8-%D9%81%D9%8A-%D8%A7%D9%84%D8%AC%D9%88%D8%A7%D8%B1-love-next-door-%D8%A7%D9%84%D8%AD%D9%84%D9%82%D8%A9-1/
Good Doctor Thailand,series,good-doctor-thailand.jpg,https://tuk.tuktukarab.cfd/%D9%85%D8%B3%D9%84%D8%B3%D9%84-%D8%A7%D9%84%D8%B7%D8%A8%D9%8A%D8%A8-%D8%A7%D9%84%D8%AC%D9%8A%D8%AF-%D8%AA%D8%A7%D9%8A%D9%84%D8%A7%D9%86%D8%AF-good-doctor-thailand-%D8%A7%D9%84%D8%AD%D9%84%D9%82%D8%A9-1/
No Way Out: The Roulette,series,no-way-out-the-roulette.jpg,https://tuk.tuktukarab.cfd/%D9%85%D8%B3%D9%84%D8%B3%D9%84-%D9%84%D8%A7-%D9%85%D8%AE%D8%B1%D8%AC-%D8%A7%D9%84%D8%B1%D9%88%D9%84%D9%8A%D8%AA-no-way-out-the-roulette-%D8%A7%D9%84%D8%AD%D9%84%D9%82%D8%A9-1/
Tarot,series,tarot.jpg,https://tuk.tuktukarab.cfd/%D9%85%D8%B3%D9%84%D8%B3%D9%84-%D8%A7%D9%84%D8%AA%D8%A7%D8%B1%D9%88-tarot-%D8%A7%D9%84%D8%AD%D9%84%D9%82%D8%A9-1/
The Escape of the Seven: War for Survival,series,the-escape-of-the-seven-war-for-survival.jpg,https://tuk.tuktukarab.cfd/%D9%85%D8%B3%D9%84%D8%B3%D9%84-%D9%87%D8%B1%D9%88%D8%A8-%D8%A7%D9%84%D8%B3%D8%A8%D8%B9%D8%A9-%D8%A7%D9%84%D9%82%D9%8A%D8%A7%D9%85%D8%A9-the-escape-of-the-seven-resurrection-%D8%A7%D9%84%D8%AD%D9%84%D9%82%D8%A9-1/
The One and Only,series,the-one-and-only.jpg,https://tuk.tuktukarab.cfd/%D9%85%D8%B3%D9%84%D8%B3%D9%84-%D8%B4%D8%AE%D8%B5-%D9%88%D8%A7%D8%AD%D8%AF-%D9%81%D9%82%D8%B7-the-one-and-only-%D8%A7%D9%84%D8%AD%D9%84%D9%82%D8%A9-1/
Connection,series,connection.jpg,https://tuk.tuktukarab.cfd/%D9%85%D8%B3%D9%84%D8%B3%D9%84-%D8%A7%D8%AA%D8%B5%D8%A7%D9%84-connection-%D8%A7%D9%84%D8%AD%D9%84%D9%82%D8%A9-1/
Pyramid Game,series,pyramid-game.jpg,https://tuk.tuktukarab.cfd/%D9%85%D8%B3%D9%84%D8%B3%D9%84-%D9%84%D8%B9%D8%A8%D8%A9-%D8%A7%D9%84%D9%87%D8%B1%D9%85-pyramid-game-%D8%A7%D9%84%D8%AD%D9%84%D9%82%D8%A9-1/
The Ingenuity of the House Husband,series,the-ingenuity-of-the-house-husband.jpg,https://tuk.tuktukarab.cfd/%D9%85%D8%B3%D9%84%D8%B3%D9%84-the-ingenuity-of-the-house-husband-%D8%A7%D9%84%D8%AD%D9%84%D9%82%D8%A9-1/
Shining Inheritance,series,shining-inheritance.jpg,https://tuk.tuktukarab.cfd/%D9%85%D8%B3%D9%84%D8%B3%D9%84-%D9%85%D9%8A%D8%B1%D8%A7%D8%AB-%D8%B1%D8%A7%D8%A6%D8%B9-shining-inheritance-%D8%A7%D9%84%D8%AD%D9%84%D9%82%D8%A9-1/
My Boss My Hero,series,my-boss-my-hero.jpg,https://tuk.tuktukarab.cfd/%D9%85%D8%B3%D9%84%D8%B3%D9%84-my-boss-my-hero-%D8%A7%D9%84%D8%AD%D9%84%D9%82%D8%A9-1/
Goong,series,goong.jpg,https://tuk.tuktukarab.cfd/%D9%85%D8%B3%D9%84%D8%B3%D9%84-%D8%B3%D8%A7%D8%B9%D8%A7%D8%AA-%D8%A7%D9%84%D8%A3%D9%85%D9%8A%D8%B1%D8%A9-goong-%D8%A7%D9%84%D8%AD%D9%84%D9%82%D8%A9-1/
The Matchmakers,series,the-matchmakers.jpg,https://tuk.tuktukarab.cfd/%D9%85%D8%B3%D9%84%D8%B3%D9%84-%D9%88%D8%B3%D8%B7%D8%A7%D8%A1-%D8%A7%D9%84%D8%B2%D9%88%D8%A7%D8%AC-the-matchmakers-%D8%A7%D9%84%D8%AD%D9%84%D9%82%D8%A9-1/
VIP Thailand,series,vip-thailand.jpg,https://tuk.tuktukarab.cfd/%D9%85%D8%B3%D9%84%D8%B3%D9%84-%D9%83%D8%A8%D8%A7%D8%B1-%D8%A7%D9%84%D8%B4%D8%AE%D8%B5%D9%8A%D8%A7%D8%AA-%D8%AA%D8%A7%D9%8A%D9%84%D8%A7%D9%86%D8%AF-vip-thailand-%D8%A7%D9%84%D8%AD%D9%84%D9%82%D8%A9-1/
Vigilante,series,vigilante.jpg,https://tuk.tuktukarab.cfd/%D9%85%D8%B3%D9%84%D8%B3%D9%84-%D9%81%D9%8A%D8%AC%D9%8A%D9%84%D8%A7%D9%86%D8%AA%D9%8A-vigilante-%D8%A7%D9%84%D8%AD%D9%84%D9%82%D8%A9-1/
HiGH&LOW,series,high-low.jpg,https://tuk.tuktukarab.cfd/%D9%85%D8%B3%D9%84%D8%B3%D9%84-%D8%B9%D8%A7%D9%84%D9%8A-%D9%88%D9%85%D9%86%D8%AE%D9%81%D8%B6-high-and-low-%D8%A7%D9%84%D8%AD%D9%84%D9%82%D8%A9-1/
Avalanche,series,avalanche.jpg,https://tuk.tuktukarab.cfd/%D9%85%D8%B3%D9%84%D8%B3%D9%84-%D8%A7%D9%86%D9%87%D9%8A%D8%A7%D8%B1-avalanche-%D8%A7%D9%84%D8%AD%D9%84%D9%82%D8%A9-1/
Boss-dol Mart,series,boss-dol-mart.jpg,https://tuk.tuktukarab.cfd/%D9%85%D8%B3%D9%84%D8%B3%D9%84-%D9%85%D8%AA%D8%AC%D8%B1-%D8%A7%D9%84%D8%A7%D9%8A%D8%AF%D9%88%D9%84-boss-dol-mart-%D8%A7%D9%84%D8%AD%D9%84%D9%82%D8%A9-1/
Queen of the Mask,series,queen-of-the-mask.jpg,https://tuk.tuktukarab.cfd/%D9%85%D8%B3%D9%84%D8%B3%D9%84-%D9%85%D9%84%D9%83%D8%A9-%D8%A7%D9%84%D9%82%D9%86%D8%A7%D8%B9-queen-of-the-mask-%D8%A7%D9%84%D8%AD%D9%84%D9%82%D8%A9-1/
Numbers,series,numbers.jpg,https://tuk.tuktukarab.cfd/%D9%85%D8%B3%D9%84%D8%B3%D9%84-%D8%A7%D8%B1%D9%82%D8%A7%D9%85-numbers-%D8%A7%D9%84%D8%AD%D9%84%D9%82%D8%A9-1/
Shiko Funjatta!,series,shiko-funjatta.jpg,https://tuk.tuktukarab.cfd/%D9%85%D8%B3%D9%84%D8%B3%D9%84-%D9%84%D9%82%D8%AF-%D8%AE%D8%B7%D9%88%D8%AA-%D8%B9%D9%84%D9%8A%D9%87-shiko-funjatta-%D8%A7%D9%84%D8%AD%D9%84%D9%82%D8%A9-1/
Curtain Call,series,curtain-call.jpg,https://tuk.tuktukarab.cfd/%D9%85%D8%B3%D9%84%D8%B3%D9%84-%D9%86%D8%AF%D8%A7%D8%A1-%D8%A7%D9%84%D8%B3%D8%AA%D8%A7%D8%B1%D8%A9-curtain-call-%D8%A7%D9%84%D8%AD%D9%84%D9%82%D8%A9-1/
Wild Bloom,series,wild-bloom.jpg,https://tuk.tuktukarab.cfd/%D9%85%D8%B3%D9%84%D8%B3%D9%84-%D8%A7%D9%84%D9%86%D9%85%D9%88-%D8%A7%D9%84%D9%88%D8%AD%D8%B4%D9%8A-wild-bloom-%D8%A7%D9%84%D8%AD%D9%84%D9%82%D8%A9-1/
Out of Court,series,out-of-court.jpg,https://tuk.tuktukarab.cfd/%D9%85%D8%B3%D9%84%D8%B3%D9%84-%D8%AE%D8%A7%D8%B1%D8%AC-%D8%A7%D9%84%D9%85%D8%AD%D9%83%D9%85%D8%A9-out-of-court-%D8%A7%D9%84%D8%AD%D9%84%D9%82%D8%A9-1/
Cute Body guard,series,cute-body-guard.jpg,https://tuk.tuktukarab.cfd/%D9%85%D8%B3%D9%84%D8%B3%D9%84-%D8%AD%D8%A7%D8%B1%D8%B3%D8%A9-%D8%B4%D8%AE%D8%B5%D9%8A%D8%A9-%D9%84%D8%B7%D9%8A%D9%81%D8%A9-cute-bodyguard-%D8%A7%D9%84%D8%AD%D9%84%D9%82%D8%A9-1/
Tracer,series,tracer.jpg,https://tuk.tuktukarab.cfd/%D9%85%D8%B3%D9%84%D8%B3%D9%84-%D8%A7%D9%84%D9%85%D8%AA%D8%AA%D8%A8%D8%B9-tracer-%D8%A7%D9%84%D8%AD%D9%84%D9%82%D8%A9-1/
Sponsor,series,sponsor.jpg,https://tuk.tuktukarab.cfd/%D9%85%D8%B3%D9%84%D8%B3%D9%84-%D8%A7%D9%84%D8%B1%D8%A7%D8%B9%D9%8A-sponsor-%D8%A7%D9%84%D8%AD%D9%84%D9%82%D8%A9-1/
Under the Skin,series,under-the-skin.jpg,https://tuk.tuktukarab.cfd/%D9%85%D8%B3%D9%84%D8%B3%D9%84-%D8%AA%D8%AD%D8%AA-%D8%A7%D9%84%D8%AC%D9%84%D8%AF-under-the-skin-%D8%A7%D9%84%D8%AD%D9%84%D9%82%D8%A9-1/
Rookie Cops,series,rookie-cops.jpg,https://tuk.tuktukarab.cfd/%D9%85%D8%B3%D9%84%D8%B3%D9%84-%D8%B1%D8%AC%D8%A7%D9%84-%D8%B4%D8%B1%D8%B7%D8%A9-%D9%85%D8%A8%D8%AA%D8%AF%D8%A6%D9%8A%D9%86-rookie-cops-%D8%A7%D9%84%D8%AD%D9%84%D9%82%D8%A9-1/
Go Ahead,series,go-ahead.jpg,https://tuk.tuktukarab.cfd/%D9%85%D8%B3%D9%84%D8%B3%D9%84-%D8%A7%D9%86%D8%B7%D9%84%D9%82-go-ahead-%D8%A7%D9%84%D8%AD%D9%84%D9%82%D8%A9-1/
Oh My Lord,series,oh-my-lord.jpg,https://tuk.tuktukarab.cfd/%D9%85%D8%B3%D9%84%D8%B3%D9%84-%D9%8A%D8%A7%D8%B3%D9%8A%D8%AF%D9%8A-oh-my-lord-%D8%A7%D9%84%D8%AD%D9%84%D9%82%D8%A9-1/
إسطنبول رأساً على عقب,series,إسطنبول-رأسا-على-عقب.jpg,https://tuk.tuktukarab.cfd/%D9%85%D8%B3%D9%84%D8%B3%D9%84-%D8%A7%D8%B3%D8%B7%D9%86%D8%A8%D9%88%D9%84-%D8%B1%D8%A3%D8%B3%D8%A7-%D8%B9%D9%84%D9%89-%D8%B9%D9%82%D8%A8-%D8%A7%D9%84%D8%AD%D9%84%D9%82%D8%A9-1-%D9%85%D8%AA%D8%B1%D8%AC%D9%85%D8%A9/
أولاد الجنة,series,أولاد-الجنة.jpg,https://tuk.tuktukarab.cfd/%D9%85%D8%B3%D9%84%D8%B3%D9%84-%D8%A3%D8%B7%D9%81%D8%A7%D9%84-%D8%A7%D9%84%D8%AC%D9%86%D8%A9-%D8%A7%D9%84%D8%AD%D9%84%D9%82%D8%A9-1-%D9%85%D8%AA%D8%B1%D8%AC%D9%85%D8%A9/
السلطان محمد الفاتح,series,السلطان-محمد-الفاتح.jpg,https://tuk.tuktukarab.cfd/%D9%85%D8%B3%D9%84%D8%B3%D9%84-%D8%A7%D9%84%D8%B3%D9%84%D8%B7%D8%A7%D9%86-%D9%85%D8%AD%D9%85%D8%AF-%D8%A7%D9%84%D9%81%D8%A7%D8%AA%D8%AD-%D8%A7%D9%84%D9%85%D9%88%D8%B3%D9%85-%D8%A7%D9%84%D8%AB%D8%A7%D9%84%D8%AB-%D8%A7%D9%84%D8%AD%D9%84%D9%82%D8%A9-1-%D9%85%D8%AA%D8%B1%D8%AC%D9%85%D8%A9/
الصدى:خفية,series,الصدى-خفية.jpg,https://tuk.tuktukarab.cfd/%D9%85%D8%B3%D9%84%D8%B3%D9%84-%D8%A7%D9%84%D8%B5%D8%AF%D9%89-%D8%A7%D9%84%D9%8A%D8%AF-%D8%A7%D9%84%D8%AE%D9%81%D9%8A%D8%A9-%D8%A7%D9%84%D9%85%D9%88%D8%B3%D9%85-%D8%A7%D9%84%D8%AB%D8%A7%D9%86%D9%8A-%D8%A7%D9%84%D8%AD%D9%84%D9%82%D8%A9-1-%D9%85%D8%AA%D8%B1%D8%AC%D9%85%D8%A9/
شعلة قصتك انت,series,شعلة-قصتك-انت.jpg,https://tuk.tuktukarab.cfd/%D9%85%D8%B3%D9%84%D8%B3%D9%84-%D8%B4%D8%B9%D9%84%D8%A9-%D8%A7%D9%84%D8%AD%D9%84%D9%82%D8%A9-1-%D9%85%D8%AA%D8%B1%D8%AC%D9%85%D8%A9/
ميرا: كأن كل شيء على ما يرام,series,ميرا-كأن-كل-شيء-على-ما-يرام.jpg,https://tuk.tuktukarab.cfd/%D9%85%D8%B3%D9%84%D8%B3%D9%84-%D9%85%D9%8A%D8%B1%D8%A7-%D9%88%D9%83%D8%A3%D9%86-%D9%83%D9%84-%D8%B4%D9%8A%D8%A1-%D8%B9%D9%84%D9%89-%D9%85%D8%A7-%D9%8A%D8%B1%D8%A7%D9%85-%D8%A7%D9%84%D8%AD%D9%84%D9%82%D8%A9-1-%D9%85%D8%AA%D8%B1%D8%AC%D9%85%D8%A9/
وفاء السلطان,series,وفاء-السلطان.jpg,https://tuk.tuktukarab.cfd/%D9%85%D8%B3%D9%84%D8%B3%D9%84-%D9%88%D9%81%D8%A7-%D8%B3%D9%84%D8%B7%D8%A7%D9%86-%D8%A7%D9%84%D9%85%D9%88%D8%B3%D9%85-%D8%A7%D9%84%D8%AB%D8%A7%D9%86%D9%8A-%D8%A7%D9%84%D8%AD%D9%84%D9%82%D8%A9-1-%D9%85%D8%AA%D8%B1%D8%AC%D9%85%D8%A9/
الاطار الاخير,series,الاطار-الاخير.jpg,https://tuk.tuktukarab.cfd/%D9%85%D8%B3%D9%84%D8%B3%D9%84-%D8%A7%D9%84%D8%A5%D8%B7%D8%A7%D8%B1-%D8%A7%D9%84%D8%A3%D8%AE%D9%8A%D8%B1-%D8%A7%D9%84%D8%AD%D9%84%D9%82%D8%A9-1-%D9%85%D8%AA%D8%B1%D8%AC%D9%85%D8%A9/
ارافتا,series,ارافتا.jpg,https://tuk.tuktukarab.cfd/%D9%85%D8%B3%D9%84%D8%B3%D9%84-%D8%A7%D9%84%D8%A3%D8%B9%D8%B1%D8%A7%D9%81-%D8%A7%D9%84%D8%AD%D9%84%D9%82%D8%A9-1-%D9%85%D8%AA%D8%B1%D8%AC%D9%85%D8%A9/
رابطة الروح,series,رابطة-الروح.jpg,https://tuk.tuktukarab.cfd/%D9%85%D8%B3%D9%84%D8%B3%D9%84-%D8%B1%D8%A7%D8%A8%D8%B7%D8%A9-%D8%A7%D9%84%D8%B1%D9%88%D8%AD-%D8%A7%D9%84%D8%AD%D9%84%D9%82%D8%A9-1-%D9%85%D8%AA%D8%B1%D8%AC%D9%85%D8%A9/
الزوجة الأخرى,series,الزوجة-الأخرى.jpg,https://tuk.tuktukarab.cfd/%D9%85%D8%B3%D9%84%D8%B3%D9%84-%D8%A7%D9%84%D8%B2%D9%88%D8%AC%D8%A9-%D8%A7%D9%84%D8%A7%D8%AE%D8%B1%D9%89-%D8%A7%D9%84%D8%AD%D9%84%D9%82%D8%A9-1-%D9%85%D8%AA%D8%B1%D8%AC%D9%85%D8%A9/
حبات اللؤلؤ,series,حبات-اللؤلؤ.jpg,https://tuk.tuktukarab.cfd/%D9%85%D8%B3%D9%84%D8%B3%D9%84-%D8%AD%D8%A8%D8%A7%D8%AA-%D8%A7%D9%84%D9%84%D8%A4%D9%84%D8%A4-%D8%A7%D9%84%D9%85%D9%88%D8%B3%D9%85-%D8%A7%D9%84%D8%AB%D8%A7%D9%86%D9%8A-%D8%A7%D9%84%D8%AD%D9%84%D9%82%D8%A9-1-%D9%85%D8%AA%D8%B1%D8%AC%D9%85%D8%A9/
قلب اسود,series,قلب-اسود.jpg,https://tuk.tuktukarab.cfd/%D9%85%D8%B3%D9%84%D8%B3%D9%84-%D9%82%D9%84%D8%A8-%D8%A7%D8%B3%D9%88%D8%AF-%D8%A7%D9%84%D8%AD%D9%84%D9%82%D8%A9-1-%D9%85%D8%AA%D8%B1%D8%AC%D9%85%D8%A9/
أزهار الثلج,series,أزهار-الثلج.jpg,https://tuk.tuktukarab.cfd/%D9%85%D8%B3%D9%84%D8%B3%D9%84-%D8%A3%D8%B2%D9%87%D8%A7%D8%B1-%D8%A7%D9%84%D8%AB%D9%84%D8%AC-%D8%A7%D9%84%D8%AD%D9%84%D9%82%D8%A9-1-%D9%85%D8%AA%D8%B1%D8%AC%D9%85%D8%A9/
يوم اخر,series,يوم-اخر.jpg,https://tuk.tuktukarab.cfd/%D9%85%D8%B3%D9%84%D8%B3%D9%84-%D9%8A%D9%88%D9%85-%D8%A7%D8%AE%D8%B1-%D8%A7%D9%84%D8%AD%D9%84%D9%82%D8%A9-1-%D9%85%D8%AA%D8%B1%D8%AC%D9%85%D8%A9/
ماجارسوس,series,ماجارسوس.jpg,https://tuk.tuktukarab.cfd/%D9%85%D8%B3%D9%84%D8%B3%D9%84-%D9%85%D8%A7%D8%AC%D8%A7%D8%B1%D8%B3%D9%88%D8%B3-%D8%A7%D9%84%D9%85%D9%88%D8%B3%D9%85-%D8%A7%D9%84%D8%AB%D8%A7%D9%86%D9%8A-%D8%A7%D9%84%D8%AD%D9%84%D9%82%D8%A9-1-%D9%85%D8%AA%D8%B1%D8%AC%D9%85%D8%A9/
رائحة الصندوق,series,رائحة-الصندوق.jpg,https://tuk.tuktukarab.cfd/%D9%85%D8%B3%D9%84%D8%B3%D9%84-%D8%B1%D8%A7%D8%A6%D8%AD%D8%A9-%D8%A7%D9%84%D8%B5%D9%86%D8%AF%D9%88%D9%82-%D8%A7%D9%84%D9%85%D9%88%D8%B3%D9%85-%D8%A7%D9%84%D8%AB%D8%A7%D9%86%D9%8A-%D8%A7%D9%84%D8%AD%D9%84%D9%82%D8%A9-1-%D9%85%D8%AA%D8%B1%D8%AC%D9%85%D8%A9/
انت وطني,series,انت-وطني.jpg,https://tuk.tuktukarab.cfd/%D9%85%D8%B3%D9%84%D8%B3%D9%84-%D8%A7%D9%86%D8%AA-%D9%88%D8%B7%D9%86%D9%8A-%D8%A7%D9%84%D9%85%D9%88%D8%B3%D9%85-%D8%A7%D9%84%D8%AB%D8%A7%D9%86%D9%8A-%D8%A7%D9%84%D8%AD%D9%84%D9%82%D8%A9-1-%D9%85%D8%AA%D8%B1%D8%AC%D9%85%D8%A9/
ابن سيناصغير,series,ابن-سيناصغير.jpg,https://tuk.tuktukarab.cfd/%D9%85%D8%B3%D9%84%D8%B3%D9%84-%D8%A7%D8%A8%D9%86-%D8%B3%D9%8A%D9%86%D8%A7-%D8%A7%D9%84%D8%B9%D8%A8%D9%82%D8%B1%D9%8A-%D8%A7%D9%84%D8%B5%D8%BA%D9%8A%D8%B1-%D8%A7%D9%84%D9%85%D9%88%D8%B3%D9%85-%D8%A7%D9%84%D8%AB%D8%A7%D9%86%D9%8A-%D8%A7%D9%84%D8%AD%D9%84%D9%82%D8%A9-1-%D9%85%D8%AA%D8%B1%D8%AC%D9%85%D8%A9/
مارنالي,series,مارنالي.jpg,https://tuk.tuktukarab.cfd/%D9%85%D8%B3%D9%84%D8%B3%D9%84-%D9%85%D8%A7%D8%B1%D9%86%D8%A7%D9%84%D9%8A-%D8%A7%D9%84%D8%AD%D9%84%D9%82%D8%A9-1-%D9%85%D8%AA%D8%B1%D8%AC%D9%85%D8%A9/
السلطانة كوسم,series,السلطانة-كوسم.jpg,https://tuk.tuktukarab.cfd/%D9%85%D8%B3%D9%84%D8%B3%D9%84-%D8%A7%D9%84%D8%B3%D9%84%D8%B7%D8%A7%D9%86%D8%A9-%D9%83%D9%88%D8%B3%D9%85-%D8%A7%D9%84%D9%85%D9%88%D8%B3%D9%85-%D8%A7%D9%84%D8%AB%D8%A7%D9%86%D9%8A-%D8%A7%D9%84%D8%AD%D9%84%D9%82%D8%A9-1-%D9%85%D8%AA%D8%B1%D8%AC%D9%85%D8%A9/
ايام النار,series,ايام-النار.jpg,https://tuk.tuktukarab.cfd/%D9%85%D8%B3%D9%84%D8%B3%D9%84-%D8%A7%D9%8A%D8%A7%D9%85-%D8%A7%D9%84%D9%86%D8%A7%D8%B1-%D8%A7%D9%84%D8%AD%D9%84%D9%82%D8%A9-1-%D9%85%D8%AA%D8%B1%D8%AC%D9%85%D8%A9/
شقق الأبرياء,series,شقق-الأبرياء.jpg,https://tuk.tuktukarab.cfd/%D9%85%D8%B3%D9%84%D8%B3%D9%84-%D8%B4%D9%82%D8%A9-%D8%A7%D9%84%D8%A7%D8%A8%D8%B1%D9%8A%D8%A7%D8%A1-%D8%A7%D9%84%D9%85%D9%88%D8%B3%D9%85-%D8%A7%D9%84%D8%AB%D8%A7%D9%86%D9%8A-%D8%A7%D9%84%D8%AD%D9%84%D9%82%D8%A9-1-%D9%85%D8%AA%D8%B1%D8%AC%D9%85%D8%A9/
نهضةعظمى,series,نهضةعظمى.jpg,https://tuk.tuktukarab.cfd/%D9%85%D8%B3%D9%84%D8%B3%D9%84-%D9%86%D9%87%D8%B6%D8%A9-%D8%A7%D9%84%D8%B3%D9%84%D8%A7%D8%AC%D9%82%D8%A9-%D8%A7%D9%84%D8%B9%D8%B8%D9%85%D9%89-%D8%A7%D9%84%D8%AD%D9%84%D9%82%D8%A9-1-%D9%85%D8%AA%D8%B1%D8%AC%D9%85%D8%A9/
الفتي الاساسي,series,الفتي-الاساسي.jpg,https://tuk.tuktukarab.cfd/%D9%85%D8%B3%D9%84%D8%B3%D9%84-%D8%A7%D9%84%D9%81%D8%AA%D9%89-%D8%A7%D9%84%D8%A7%D8%B3%D8%A7%D8%B3%D9%8A-%D8%A7%D9%84%D8%AD%D9%84%D9%82%D8%A9-1-%D9%85%D8%AA%D8%B1%D8%AC%D9%85%D8%A9/
قاعة سانزيليزي للافراح,series,قاعة-سانزيليزي-للافراح.jpg,https://tuk.tuktukarab.cfd/%D9%85%D8%B3%D9%84%D8%B3%D9%84-sanzelize-dugun-salonu-%D8%A7%D9%84%D8%AD%D9%84%D9%82%D8%A9-1-%D9%85%D8%AA%D8%B1%D8%AC%D9%85%D8%A9/
الغراب: ظلام لا نهاية له,series,الغراب-ظلام-لا-نهاية-له.jpg,https://tuk.tuktukarab.cfd/%D9%85%D8%B3%D9%84%D8%B3%D9%84-kuzgun-dipsiz-karanlik-%D8%A7%D9%84%D8%AD%D9%84%D9%82%D8%A9-1-%D9%85%D8%AA%D8%B1%D8%AC%D9%85%D8%A9/
اتصل بمدير اعمالي,series,اتصل-بمدير-اعمالي.jpg,https://tuk.tuktukarab.cfd/%D9%85%D8%B3%D9%84%D8%B3%D9%84-%D8%A7%D8%AA%D8%B5%D9%84-%D8%A8%D9%85%D8%AF%D9%8A%D8%B1-%D8%A7%D8%B9%D9%85%D8%A7%D9%84%D9%8A-%D8%A7%D9%84%D8%AD%D9%84%D9%82%D8%A9-1-%D9%85%D8%AA%D8%B1%D8%AC%D9%85%D8%A9/
حب اعمي,series,حب-اعمي.jpg,https://tuk.tuktukarab.cfd/%D9%85%D8%B3%D9%84%D8%B3%D9%84-%D8%AD%D8%A8-%D8%A7%D8%B9%D9%85%D9%89-%D8%A7%D9%84%D9%85%D9%88%D8%B3%D9%85-%D8%A7%D9%84%D8%AB%D8%A7%D9%86%D9%8A-%D8%A7%D9%84%D8%AD%D9%84%D9%82%D8%A9-1-%D9%85%D8%AA%D8%B1%D8%AC%D9%85%D8%A9/
جلالرومي,series,جلالرومي.jpg,https://tuk.tuktukarab.cfd/%D9%85%D8%B3%D9%84%D8%B3%D9%84-%D8%AC%D9%84%D8%A7%D9%84-%D8%A7%D9%84%D8%AF%D9%8A%D9%86-%D8%A7%D9%84%D8%B1%D9%88%D9%85%D9%8A-%D8%A7%D9%84%D9%85%D9%88%D8%B3%D9%85-%D8%A7%D9%84%D8%AB%D8%A7%D9%86%D9%8A-%D8%A7%D9%84%D8%AD%D9%84%D9%82%D8%A9-1-%D9%85%D8%AA%D8%B1%D8%AC%D9%85%D8%A9/
ملحمةسوداء,series,ملحمةسوداء.jpg,https://tuk.tuktukarab.cfd/%D9%85%D8%B3%D9%84%D8%B3%D9%84-%D9%85%D9%84%D8%AD%D9%85%D8%A9-%D8%A7%D9%84%D8%B4%D8%AC%D8%B1%D8%A9-%D8%A7%D9%84%D8%B3%D9%88%D8%AF%D8%A7%D8%A1-%D8%A7%D9%84%D9%85%D9%88%D8%B3%D9%85-%D8%A7%D9%84%D8%AB%D8%A7%D9%86%D9%8A-%D8%A7%D9%84%D8%AD%D9%84%D9%82%D8%A9-1-%D9%85%D8%AA%D8%B1%D8%AC%D9%85%D8%A9/
أبي وعائلته,series,أبي-وعائلته.jpg,https://tuk.tuktukarab.cfd/%D9%85%D8%B3%D9%84%D8%B3%D9%84-%D8%A3%D8%A8%D9%8A-%D9%88%D8%B9%D8%A7%D8%A6%D9%84%D8%AA%D9%87-%D8%A7%D9%84%D8%AD%D9%84%D9%82%D8%A9-1-%D9%85%D8%AA%D8%B1%D8%AC%D9%85%D8%A9/
حب زواج طلاق,series,حب-زواج-طلاق.jpg,https://tuk.tuktukarab.cfd/%D9%85%D8%B3%D9%84%D8%B3%D9%84-%D8%AD%D8%A8-%D8%B2%D9%88%D8%A7%D8%AC-%D8%B7%D9%84%D8%A7%D9%82-%D8%A7%D9%84%D8%AD%D9%84%D9%82%D8%A9-1-%D9%85%D8%AA%D8%B1%D8%AC%D9%85%D8%A9/
اسميتها فريحة,series,اسميتها-فريحة.jpg,https://tuk.tuktukarab.cfd/%D9%85%D8%B3%D9%84%D8%B3%D9%84-%D8%A7%D8%B3%D9%85%D9%8A%D8%AA%D9%87%D8%A7-%D9%81%D8%B1%D9%8A%D8%AD%D8%A9-%D8%A7%D9%84%D8%AD%D9%84%D9%82%D8%A9-1-%D9%85%D8%AA%D8%B1%D8%AC%D9%85%D8%A9/
بارباروسلار: سيفمتوسط,series,بارباروسلار-سيفمتوسط.jpg,https://tuk.tuktukarab.cfd/%D9%85%D8%B3%D9%84%D8%B3%D9%84-%D8%A7%D9%84%D8%A8%D8%B1%D8%A8%D8%B1%D9%88%D8%B3-%D8%A7%D9%84%D8%AD%D9%84%D9%82%D8%A9-1-%D9%85%D8%AA%D8%B1%D8%AC%D9%85%D8%A9/
جلالخوارزمي,series,جلالخوارزمي.jpg,https://tuk.tuktukarab.cfd/%D9%85%D8%B3%D9%84%D8%B3%D9%84-%D8%AC%D9%84%D8%A7%D9%84-%D8%A7%D9%84%D8%AF%D9%8A%D9%86-%D8%A7%D9%84%D8%AE%D9%88%D8%A7%D8%B1%D8%B2%D9%85%D9%8A-%D8%A7%D9%84%D9%85%D9%88%D8%B3%D9%85-%D8%A7%D9%84%D8%AB%D8%A7%D9%86%D9%8A-%D8%A7%D9%84%D8%AD%D9%84%D9%82%D8%A9-1-%D9%85%D8%AA%D8%B1%D8%AC%D9%85%D8%A9/
مترجم,series,مترجم.jpg,https://tuk.tuktukarab.cfd/%D9%85%D8%B3%D9%84%D8%B3%D9%84-%D8%AD%D9%84%D9%82%D8%A9-%D8%A7%D9%84%D8%AD%D9%84%D9%82%D8%A9-1-%D9%85%D8%AA%D8%B1%D8%AC%D9%85%D8%A9/
انت اطرق بابي,series,انت-اطرق-بابي.jpg,https://tuk.tuktukarab.cfd/%D9%85%D8%B3%D9%84%D8%B3%D9%84-%D8%A7%D9%86%D8%AA-%D8%A7%D8%B7%D8%B1%D9%82-%D8%A8%D8%A7%D8%A8%D9%8A-%D8%A7%D9%84%D9%85%D9%88%D8%B3%D9%85-%D8%A7%D9%84%D8%AB%D8%A7%D9%86%D9%8A-%D8%A7%D9%84%D8%AD%D9%84%D9%82%D8%A9-1-%D9%85%D8%AA%D8%B1%D8%AC%D9%85%D8%A9/
التوت الاسود,series,التوت-الاسود.jpg,https://tuk.tuktukarab.cfd/%D9%85%D8%B3%D9%84%D8%B3%D9%84-%D8%A7%D9%84%D8%AA%D9%88%D8%AA-%D8%A7%D9%84%D8%A7%D8%B3%D9%88%D8%AF-%D8%A7%D9%84%D8%AD%D9%84%D9%82%D8%A9-1-%D9%85%D8%AA%D8%B1%D8%AC%D9%85%D8%A9/
الصيف الاخير,series,الصيف-الاخير.jpg,https://tuk.tuktukarab.cfd/%D9%85%D8%B3%D9%84%D8%B3%D9%84-%D8%A7%D9%84%D8%B5%D9%8A%D9%81-%D8%A7%D9%84%D8%A7%D8%AE%D9%8A%D8%B1-%D8%A7%D9%84%D9%85%D9%88%D8%B3%D9%85-%D8%A7%D9%84%D8%AB%D8%A7%D9%86%D9%8A-%D8%A7%D9%84%D8%AD%D9%84%D9%82%D8%A9-1-%D9%85%D8%AA%D8%B1%D8%AC%D9%85%D8%A9/
ارضجميل,series,ارضجميل.jpg,https://tuk.tuktukarab.cfd/%D9%85%D8%B3%D9%84%D8%B3%D9%84-%D8%A7%D8%B1%D8%B6-%D8%A7%D9%84%D8%AD%D8%A8-%D8%A7%D9%84%D8%AC%D9%85%D9%8A%D9%84-%D8%A7%D9%84%D8%AD%D9%84%D9%82%D8%A9-1-%D9%85%D8%AA%D8%B1%D8%AC%D9%85%D8%A9/
حب أبيض أسود,series,حب-أبيض-أسود.jpg,https://tuk.tuktukarab.cfd/%D9%85%D8%B3%D9%84%D8%B3%D9%84-%D8%AD%D8%A8-%D8%A7%D8%A8%D9%8A%D8%B6-%D8%A7%D8%B3%D9%88%D8%AF-%D8%A7%D9%84%D8%AD%D9%84%D9%82%D8%A9-1-%D9%85%D8%AA%D8%B1%D8%AC%D9%85%D8%A9/
السلطان الب ارسلان,series,السلطان-الب-ارسلان.jpg,https://tuk.tuktukarab.cfd/%D9%85%D8%B3%D9%84%D8%B3%D9%84-%D8%A7%D9%84%D8%A8-%D8%A7%D8%B1%D8%B3%D9%84%D8%A7%D9%86-%D8%A7%D9%84%D9%85%D9%88%D8%B3%D9%85-%D8%A7%D9%84%D8%AB%D8%A7%D9%86%D9%8A-%D8%A7%D9%84%D8%AD%D9%84%D9%82%D8%A9-1-%D9%85%D8%AA%D8%B1%D8%AC%D9%85%D8%A9/
أيام جميلة,series,أيام-جميلة.jpg,https://tuk.tuktukarab.cfd/%D9%85%D8%B3%D9%84%D8%B3%D9%84-%D8%A7%D9%8A%D8%A7%D9%85-%D8%AC%D9%85%D9%8A%D9%84%D8%A9-%D8%A7%D9%84%D8%AD%D9%84%D9%82%D8%A9-1-%D9%85%D8%AA%D8%B1%D8%AC%D9%85%D8%A9/
الغدار,series,الغدار.jpg,https://tuk.tuktukarab.cfd/%D9%85%D8%B3%D9%84%D8%B3%D9%84-%D8%A7%D9%84%D8%BA%D8%AF%D8%A7%D8%B1-%D8%A7%D9%84%D8%AD%D9%84%D9%82%D8%A9-1-%D9%85%D8%AA%D8%B1%D8%AC%D9%85%D8%A9/
كان ياما كان في تشوكوروفا,series,كان-ياما-كان-في-تشوكوروفا.jpg,https://tuk.tuktukarab.cfd/%D9%85%D8%B3%D9%84%D8%B3%D9%84-%D9%83%D8%A7%D9%86-%D9%8A%D8%A7-%D9%85%D9%83%D8%A7%D9%86-%D9%81%D9%8A-%D8%AA%D8%B4%D9%83%D9%88%D8%B1%D9%88%D9%81%D8%A7-%D8%A7%D9%84%D9%85%D9%88%D8%B3%D9%85-%D8%A7%D9%84%D8%B1%D8%A7%D8%A8%D8%B9-%D8%A7%D9%84%D8%AD%D9%84%D9%82%D8%A9-1-%D9%85%D8%AA%D8%B1%D8%AC%D9%85%D8%A9/
ارجين,series,ارجين.jpg,https://tuk.tuktukarab.cfd/%D9%85%D8%B3%D9%84%D8%B3%D9%84-%D8%A7%D8%B1%D8%AC%D9%8A%D9%86-%D8%A7%D9%84%D8%AD%D9%84%D9%82%D8%A9-1-%D9%85%D8%AA%D8%B1%D8%AC%D9%85%D8%A9/
سعيد و شورى,series,سعيد-و-شورى.jpg,https://tuk.tuktukarab.cfd/%D9%85%D8%B3%D9%84%D8%B3%D9%84-%D8%B3%D8%B9%D9%8A%D8%AF-%D9%88-%D8%B4%D9%88%D8%B1%D9%89-%D8%A7%D9%84%D9%85%D9%88%D8%B3%D9%85-%D8%A7%D9%84%D8%AB%D8%A7%D9%86%D9%8A-%D8%A7%D9%84%D8%AD%D9%84%D9%82%D8%A9-1-%D9%85%D8%AA%D8%B1%D8%AC%D9%85%D8%A9/
لعبة قدري,series,لعبة-قدري.jpg,https://tuk.tuktukarab.cfd/%D9%85%D8%B3%D9%84%D8%B3%D9%84-%D9%84%D8%B9%D8%A8%D8%A9-%D9%82%D8%AF%D8%B1%D9%8A-%D8%A7%D9%84%D8%AD%D9%84%D9%82%D8%A9-1-%D9%85%D8%AA%D8%B1%D8%AC%D9%85%D8%A9/
خبئني,series,خبئني.jpg,https://tuk.tuktukarab.cfd/%D9%85%D8%B3%D9%84%D8%B3%D9%84-%D8%AE%D8%A8%D8%A6%D9%86%D9%8A-%D8%A7%D9%84%D8%AD%D9%84%D9%82%D8%A9-1-%D9%85%D8%AA%D8%B1%D8%AC%D9%85%D8%A9/
لدي هم,series,لدي-هم.jpg,https://tuk.tuktukarab.cfd/%D9%85%D8%B3%D9%84%D8%B3%D9%84-%D9%84%D8%AF%D9%8A-%D9%87%D9%85-%D8%A7%D9%84%D8%AD%D9%84%D9%82%D8%A9-1-%D9%85%D8%AA%D8%B1%D8%AC%D9%85%D8%A9/
القفص الذهبي,series,القفص-الذهبي.jpg,https://tuk.tuktukarab.cfd/%D9%85%D8%B3%D9%84%D8%B3%D9%84-%D8%A7%D9%84%D9%82%D9%81%D8%B5-%D8%A7%D9%84%D8%B0%D9%87%D8%A8%D9%8A-%D8%A7%D9%84%D8%AD%D9%84%D9%82%D8%A9-1-%D9%85%D8%AA%D8%B1%D8%AC%D9%85%D8%A9/
حجر الأمنيات,series,حجر-الأمنيات.jpg,https://tuk.tuktukarab.cfd/%D9%85%D8%B3%D9%84%D8%B3%D9%84-%D8%AD%D8%AC%D8%B1-%D8%A7%D9%84%D8%A7%D9%85%D9%86%D9%8A%D8%A7%D8%AA-%D8%A7%D9%84%D8%AD%D9%84%D9%82%D8%A9-1-%D9%85%D8%AA%D8%B1%D8%AC%D9%85%D8%A9/
على مشارف الليل,series,على-مشارف-الليل.jpg,https://tuk.tuktukarab.cfd/%D9%85%D8%B3%D9%84%D8%B3%D9%84-%D8%B9%D9%84%D9%89-%D9%85%D8%B4%D8%A7%D8%B1%D9%81-%D8%A7%D9%84%D9%84%D9%8A%D9%84-%D8%A7%D9%84%D8%AD%D9%84%D9%82%D8%A9-1-%D9%85%D8%AA%D8%B1%D8%AC%D9%85%D8%A9/
عائلتي الجميلة,series,عائلتي-الجميلة.jpg,https://tuk.tuktukarab.cfd/%D9%85%D8%B3%D9%84%D8%B3%D9%84-%D8%B9%D8%A7%D8%A6%D9%84%D8%AA%D9%8A-%D8%A7%D9%84%D8%AC%D9%85%D9%8A%D9%84%D8%A9-%D8%A7%D9%84%D8%AD%D9%84%D9%82%D8%A9-1-%D9%85%D8%AA%D8%B1%D8%AC%D9%85%D8%A9/
الغرور,series,الغرور.jpg,https://tuk.tuktukarab.cfd/%D9%85%D8%B3%D9%84%D8%B3%D9%84-%D8%A7%D9%84%D8%BA%D8%B1%D9%88%D8%B1-%D8%A7%D9%84%D8%AD%D9%84%D9%82%D8%A9-1-%D9%85%D8%AA%D8%B1%D8%AC%D9%85%D8%A9/
جول جمال,series,جول-جمال.jpg,https://tuk.tuktukarab.cfd/%D9%85%D8%B3%D9%84%D8%B3%D9%84-%D8%AC%D9%88%D9%84-%D8%AC%D9%85%D8%A7%D9%84-%D8%A7%D9%84%D8%AD%D9%84%D9%82%D8%A9-1-%D9%85%D8%AA%D8%B1%D8%AC%D9%85%D8%A9/
الممثلة,series,الممثلة.jpg,https://tuk.tuktukarab.cfd/%D9%85%D8%B3%D9%84%D8%B3%D9%84-%D8%A7%D9%84%D9%85%D9%85%D8%AB%D9%84%D8%A9-%D8%A7%D9%84%D8%AD%D9%84%D9%82%D8%A9-1-%D9%85%D8%AA%D8%B1%D8%AC%D9%85%D8%A9/
أغنية الصيف,series,أغنية-الصيف.jpg,https://tuk.tuktukarab.cfd/%D9%85%D8%B3%D9%84%D8%B3%D9%84-%D8%A7%D8%BA%D9%86%D9%8A%D8%A9-%D8%A7%D9%84%D8%B5%D9%8A%D9%81-%D8%A7%D9%84%D8%AD%D9%84%D9%82%D8%A9-1-%D9%85%D8%AA%D8%B1%D8%AC%D9%85%D8%A9/
بونكيس,series,بونكيس.jpg,https://tuk.tuktukarab.cfd/%D9%85%D8%B3%D9%84%D8%B3%D9%84-%D8%A8%D9%88%D9%86%D9%83%D9%8A%D8%B3-%D8%A7%D9%84%D9%85%D9%88%D8%B3%D9%85-%D8%A7%D9%84%D8%AB%D8%A7%D9%86%D9%8A-%D8%A7%D9%84%D8%AD%D9%84%D9%82%D8%A9-1-%D9%85%D8%AA%D8%B1%D8%AC%D9%85%D8%A9/
يا اسفي علي شبابي,series,يا-اسفي-علي-شبابي.jpg,https://tuk.tuktukarab.cfd/%D9%85%D8%B3%D9%84%D8%B3%D9%84-%D9%8A%D8%A7-%D8%A7%D8%B3%D9%81%D9%8A-%D8%B9%D9%84%D9%89-%D8%B4%D8%A8%D8%A7%D8%A8%D9%8A-%D8%A7%D9%84%D8%AD%D9%84%D9%82%D8%A9-1-%D9%85%D8%AA%D8%B1%D8%AC%D9%85%D8%A9/
بدون حكم,series,بدون-حكم.jpg,https://tuk.tuktukarab.cfd/%D9%85%D8%B3%D9%84%D8%B3%D9%84-%D8%A8%D8%AF%D9%88%D9%86-%D8%AD%D9%83%D9%85-%D8%A7%D9%84%D8%AD%D9%84%D9%82%D8%A9-1-%D9%85%D8%AA%D8%B1%D8%AC%D9%85%D8%A9/
دايتون,series,دايتون.jpg,https://tuk.tuktukarab.cfd/%D9%85%D8%B3%D9%84%D8%B3%D9%84-%D8%AF%D8%A7%D9%8A%D8%AA%D9%88%D9%86-%D8%A7%D9%84%D8%AD%D9%84%D9%82%D8%A9-1-%D9%85%D8%AA%D8%B1%D8%AC%D9%85%D8%A9/
حتى نفسي الأخير,series,حتى-نفسي-الأخير.jpg,https://tuk.tuktukarab.cfd/%D9%85%D8%B3%D9%84%D8%B3%D9%84-%D8%AD%D8%AA%D9%89-%D9%86%D9%81%D8%B3%D9%8A-%D8%A7%D9%84%D8%A7%D8%AE%D9%8A%D8%B1-%D8%A7%D9%84%D8%AD%D9%84%D9%82%D8%A9-1-%D9%85%D8%AA%D8%B1%D8%AC%D9%85%D8%A9/
الأوغوز التسعة,series,الأوغوز-التسعة.jpg,https://tuk.tuktukarab.cfd/%D9%85%D8%B3%D9%84%D8%B3%D9%84-%D8%A7%D9%84%D8%A7%D9%88%D8%BA%D9%88%D8%B2-%D8%A7%D9%84%D8%AA%D8%B3%D8%B9%D8%A9-%D8%A7%D9%84%D8%AD%D9%84%D9%82%D8%A9-1-%D9%85%D8%AA%D8%B1%D8%AC%D9%85%D8%A9/
الاختيار الصعب,series,الاختيار-الصعب.jpg,https://tuk.tuktukarab.cfd/%D9%85%D8%B3%D9%84%D8%B3%D9%84-%D8%A7%D9%84%D8%A7%D8%AE%D8%AA%D9%8A%D8%A7%D8%B1-%D8%A7%D9%84%D8%B5%D8%B9%D8%A8-%D8%A7%D9%84%D8%AD%D9%84%D9%82%D8%A9-1-%D9%85%D8%AA%D8%B1%D8%AC%D9%85%D8%A9/
تلك الفتاة,series,تلك-الفتاة.jpg,https://tuk.tuktukarab.cfd/%D9%85%D8%B3%D9%84%D8%B3%D9%84-%D8%AA%D9%84%D9%83-%D8%A7%D9%84%D9%81%D8%AA%D8%A7%D8%A9-%D8%A7%D9%84%D8%AD%D9%84%D9%82%D8%A9-1-%D9%85%D8%AA%D8%B1%D8%AC%D9%85%D8%A9/
Spider-Noir COLOUR,series,spider-noir-colour.jpg,https://tuk.tuktukarab.cfd/%D9%85%D8%B3%D9%84%D8%B3%D9%84-spider-noir-colour-%D8%A7%D9%84%D9%85%D9%88%D8%B3%D9%85-%D8%A7%D9%84%D8%A7%D9%88%D9%84-%D8%A7%D9%84%D8%AD%D9%84%D9%82%D8%A9-1/
Kabul,series,kabul.jpg,https://tuk.tuktukarab.cfd/%D9%85%D8%B3%D9%84%D8%B3%D9%84-kabul-%D8%A7%D9%84%D9%85%D9%88%D8%B3%D9%85-%D8%A7%D9%84%D8%A7%D9%88%D9%84-%D8%A7%D9%84%D8%AD%D9%84%D9%82%D8%A9-1/
Misfortune,series,misfortune.jpg,https://tuk.tuktukarab.cfd/%D9%85%D8%B3%D9%84%D8%B3%D9%84-misfortune-%D8%A7%D9%84%D9%85%D9%88%D8%B3%D9%85-%D8%A7%D9%84%D8%A7%D9%88%D9%84-%D8%A7%D9%84%D8%AD%D9%84%D9%82%D8%A9-1/
Dark Mysteries: Unknown Stories,series,dark-mysteries-unknown-stories.jpg,https://tuk.tuktukarab.cfd/%D9%85%D8%B3%D9%84%D8%B3%D9%84-dark-mysteries-unknown-stories-%D8%A7%D9%84%D9%85%D9%88%D8%B3%D9%85-%D8%A7%D9%84%D8%A7%D9%88%D9%84-%D8%A7%D9%84%D8%AD%D9%84%D9%82%D8%A9-1/
The Unbelieveable with Dan Aykroyd,series,the-unbelieveable-with-dan-aykroyd.jpg,https://tuk.tuktukarab.cfd/%D9%85%D8%B3%D9%84%D8%B3%D9%84-the-unbelieveable-with-dan-aykroyd-%D8%A7%D9%84%D9%85%D9%88%D8%B3%D9%85-%D8%A7%D9%84%D8%A7%D9%88%D9%84-%D8%A7%D9%84%D8%AD%D9%84%D9%82%D8%A9-1/
Zoi,series,zoi.jpg,https://tuk.tuktukarab.cfd/%D9%85%D8%B3%D9%84%D8%B3%D9%84-zoi-%D8%A7%D9%84%D9%85%D9%88%D8%B3%D9%85-%D8%A7%D9%84%D8%A7%D9%88%D9%84-%D8%A7%D9%84%D8%AD%D9%84%D9%82%D8%A9-1/
Gomorrah,series,gomorrah.jpg,https://tuk.tuktukarab.cfd/%D9%85%D8%B3%D9%84%D8%B3%D9%84-gomorrah-%D8%A7%D9%84%D9%85%D9%88%D8%B3%D9%85-%D8%A7%D9%84%D8%AE%D8%A7%D9%85%D8%B3-%D8%A7%D9%84%D8%AD%D9%84%D9%82%D8%A9-1/
Too Good to be True,series,too-good-to-be-true.jpg,https://tuk.tuktukarab.cfd/%D9%85%D8%B3%D9%84%D8%B3%D9%84-too-good-to-be-true-%D8%A7%D9%84%D9%85%D9%88%D8%B3%D9%85-%D8%A7%D9%84%D8%A7%D9%88%D9%84-%D8%A7%D9%84%D8%AD%D9%84%D9%82%D8%A9-1/
Archie,series,archie.jpg,https://tuk.tuktukarab.cfd/%D9%85%D8%B3%D9%84%D8%B3%D9%84-archie-%D8%A7%D9%84%D9%85%D9%88%D8%B3%D9%85-%D8%A7%D9%84%D8%A7%D9%88%D9%84-%D8%A7%D9%84%D8%AD%D9%84%D9%82%D8%A9-1/
The Adventures of Sherlock Holmes,series,the-adventures-of-sherlock-holmes.jpg,https://tuk.tuktukarab.cfd/%D9%85%D8%B3%D9%84%D8%B3%D9%84-the-adventures-of-sherlock-holmes-%D8%A7%D9%84%D9%85%D9%88%D8%B3%D9%85-%D8%A7%D9%84%D8%AB%D8%A7%D9%86%D9%8A-%D8%A7%D9%84%D8%AD%D9%84%D9%82%D8%A9-1/
Bones of Crows: The Series,series,bones-of-crows-the-series.jpg,https://tuk.tuktukarab.cfd/%D9%85%D8%B3%D9%84%D8%B3%D9%84-bones-of-crows-%D8%A7%D9%84%D9%85%D9%88%D8%B3%D9%85-%D8%A7%D9%84%D8%A7%D9%88%D9%84-%D8%A7%D9%84%D8%AD%D9%84%D9%82%D8%A9-1/
Everything Is Well,series,everything-is-well.jpg,https://tuk.tuktukarab.cfd/%D9%85%D8%B3%D9%84%D8%B3%D9%84-everything-is-well-%D8%A7%D9%84%D9%85%D9%88%D8%B3%D9%85-%D8%A7%D9%84%D8%A7%D9%88%D9%84-%D8%A7%D9%84%D8%AD%D9%84%D9%82%D8%A9-1/
Soap Opera,series,soap-opera.jpg,https://tuk.tuktukarab.cfd/%D9%85%D8%B3%D9%84%D8%B3%D9%84-soap-opera-%D8%A7%D9%84%D9%85%D9%88%D8%B3%D9%85-%D8%A7%D9%84%D8%A7%D9%88%D9%84-%D8%A7%D9%84%D8%AD%D9%84%D9%82%D8%A9-1/
The Ministry Of Time,series,the-ministry-of-time.jpg,https://tuk.tuktukarab.cfd/%D9%85%D8%B3%D9%84%D8%B3%D9%84-the-ministry-of-time-%D8%A7%D9%84%D9%85%D9%88%D8%B3%D9%85-%D8%A7%D9%84%D8%B1%D8%A7%D8%A8%D8%B9-%D8%A7%D9%84%D8%AD%D9%84%D9%82%D8%A9-1/
It's All Right!,series,it-s-all-right.jpg,https://tuk.tuktukarab.cfd/%D9%85%D8%B3%D9%84%D8%B3%D9%84-its-all-right-%D8%A7%D9%84%D9%85%D9%88%D8%B3%D9%85-%D8%A7%D9%84%D8%A7%D9%88%D9%84-%D8%A7%D9%84%D8%AD%D9%84%D9%82%D8%A9-1/
Full Circle,series,full-circle.jpg,https://tuk.tuktukarab.cfd/%D9%85%D8%B3%D9%84%D8%B3%D9%84-full-circle-%D8%A7%D9%84%D9%85%D9%88%D8%B3%D9%85-%D8%A7%D9%84%D8%A7%D9%88%D9%84-%D8%A7%D9%84%D8%AD%D9%84%D9%82%D8%A9-1/
Insomnia,series,insomnia.jpg,https://tuk.tuktukarab.cfd/%D9%85%D8%B3%D9%84%D8%B3%D9%84-insomnia-%D8%A7%D9%84%D9%85%D9%88%D8%B3%D9%85-%D8%A7%D9%84%D8%A7%D9%88%D9%84-%D8%A7%D9%84%D8%AD%D9%84%D9%82%D8%A9-1/
Witch Hunt,series,witch-hunt.jpg,https://tuk.tuktukarab.cfd/%D9%85%D8%B3%D9%84%D8%B3%D9%84-heksejakt-%D8%A7%D9%84%D9%85%D9%88%D8%B3%D9%85-%D8%A7%D9%84%D8%A7%D9%88%D9%84-%D8%A7%D9%84%D8%AD%D9%84%D9%82%D8%A9-1/
Players,series,players.jpg,https://tuk.tuktukarab.cfd/%D9%85%D8%B3%D9%84%D8%B3%D9%84-players-%D8%A7%D9%84%D9%85%D9%88%D8%B3%D9%85-%D8%A7%D9%84%D8%A7%D9%88%D9%84-%D8%A7%D9%84%D8%AD%D9%84%D9%82%D8%A9-1/
Maggie,series,maggie.jpg,https://tuk.tuktukarab.cfd/%D9%85%D8%B3%D9%84%D8%B3%D9%84-maggie-%D8%A7%D9%84%D9%85%D9%88%D8%B3%D9%85-%D8%A7%D9%84%D8%A7%D9%88%D9%84-%D8%A7%D9%84%D8%AD%D9%84%D9%82%D8%A9-1/
Launchpad,series,launchpad.jpg,https://tuk.tuktukarab.cfd/%D9%85%D8%B3%D9%84%D8%B3%D9%84-launchpad-%D8%A7%D9%84%D9%85%D9%88%D8%B3%D9%85-%D8%A7%D9%84%D8%A7%D9%88%D9%84-%D8%A7%D9%84%D8%AD%D9%84%D9%82%D8%A9-1/
The Dirty Black Bag,series,the-dirty-black-bag.jpg,https://tuk.tuktukarab.cfd/%D9%85%D8%B3%D9%84%D8%B3%D9%84-that-dirty-black-bag-%D8%A7%D9%84%D9%85%D9%88%D8%B3%D9%85-%D8%A7%D9%84%D8%A7%D9%88%D9%84-%D8%A7%D9%84%D8%AD%D9%84%D9%82%D8%A9-1/
Everything Else,series,everything-else.jpg,https://tuk.tuktukarab.cfd/%D9%85%D8%B3%D9%84%D8%B3%D9%84-everything-else-%D8%A7%D9%84%D9%85%D9%88%D8%B3%D9%85-%D8%A7%D9%84%D8%A7%D9%88%D9%84-%D8%A7%D9%84%D8%AD%D9%84%D9%82%D8%A9-1/
Oriental Sweets,series,oriental-sweets.jpg,https://tuk.tuktukarab.cfd/%D9%85%D8%B3%D9%84%D8%B3%D9%84-oriental-sweets-%D8%A7%D9%84%D9%85%D9%88%D8%B3%D9%85-%D8%A7%D9%84%D8%AB%D8%A7%D9%86%D9%8A-%D8%A7%D9%84%D8%AD%D9%84%D9%82%D8%A9-1/
Two Sisters,series,two-sisters.jpg,https://tuk.tuktukarab.cfd/%D9%85%D8%B3%D9%84%D8%B3%D9%84-two-sisters-%D8%A7%D9%84%D9%85%D9%88%D8%B3%D9%85-%D8%A7%D9%84%D8%A7%D9%88%D9%84-%D8%A7%D9%84%D8%AD%D9%84%D9%82%D8%A9-1/
The Stranger Quibi,series,the-stranger-quibi.jpg,https://tuk.tuktukarab.cfd/%D9%85%D8%B3%D9%84%D8%B3%D9%84-the-stranger-quibi-%D8%A7%D9%84%D9%85%D9%88%D8%B3%D9%85-%D8%A7%D9%84%D8%A7%D9%88%D9%84-%D8%A7%D9%84%D8%AD%D9%84%D9%82%D8%A9-1/
كل شيء على ما يرام Her Şey Yolunda 2025,movie,كل-شيء-على-ما-يرام-her-ey-yolunda-2025.jpg,https://tuk.tuktukarab.cfd/%D9%81%D9%8A%D9%84%D9%85-%D9%83%D9%84-%D8%B4%D9%8A%D8%A1-%D8%B9%D9%84%D9%89-%D9%85%D8%A7-%D9%8A%D8%B1%D8%A7%D9%85-her-sey-yolunda-2025-%D9%85%D8%AA%D8%B1%D8%AC%D9%85-%D8%A7%D9%88%D9%86-%D9%84%D8%A7%D9%8A%D9%86/
جنبًا إلى جنب Soyut Dışavurumcu Bir Dostluğun Anatomisi Veyahut Yan Yana 2025,movie,جنبا-إلى-جنب-soyut-d-avurumcu-bir-dostlu-un-anatomisi-veyahut-yan-yana-2025.jpg,https://tuk.tuktukarab.cfd/%D9%81%D9%8A%D9%84%D9%85-%D8%AC%D9%86%D8%A8%D8%A7-%D8%A5%D9%84%D9%89-%D8%AC%D9%86%D8%A8-soyut-disavurumcu-bir-dostlugun-anatomisi-veyahut-yan-yana-2025-%D9%85%D8%AA%D8%B1%D8%AC%D9%85-%D8%A7%D9%88%D9%86-%D9%84%D8%A7%D9%8A%D9%86/
مدرب الحمام همال Güvercin Terbiyecisi Hammal 2026,movie,مدرب-الحمام-همال-g-vercin-terbiyecisi-hammal-2026.jpg,https://tuk.tuktukarab.cfd/%D9%81%D9%8A%D9%84%D9%85-%D9%85%D8%AF%D8%B1%D8%A8-%D8%A7%D9%84%D8%AD%D9%85%D8%A7%D9%85-%D9%87%D9%85%D8%A7%D9%84-guvercin-terbiyecisi-hammal-2026-%D9%85%D8%AA%D8%B1%D8%AC%D9%85-%D8%A7%D9%88%D9%86-%D9%84%D8%A7%D9%8A%D9%86/
كبير عزابي: إنسي وجني Kabir Azabı: İnsi ve Cinni 2024,movie,كبير-عزابي-إنسي-وجني-kabir-azab-nsi-ve-cinni-2024.jpg,https://tuk.tuktukarab.cfd/%D9%81%D9%8A%D9%84%D9%85-%D9%83%D8%A8%D9%8A%D8%B1-%D8%B9%D8%B2%D8%A7%D8%A8%D9%8A-%D8%A5%D9%86%D8%B3%D9%8A-%D9%88%D8%AC%D9%86%D9%8A-kabir-azabi-insi-ve-cinni-2024-%D9%85%D8%AA%D8%B1%D8%AC%D9%85-%D8%A7%D9%88%D9%86-%D9%84%D8%A7%D9%8A%D9%86/
خريف الحياة Bir Ömrün Sonbahari 2025,movie,خريف-الحياة-bir-mr-n-sonbahari-2025.jpg,https://tuk.tuktukarab.cfd/%D9%81%D9%8A%D9%84%D9%85-%D8%AE%D8%B1%D9%8A%D9%81-%D8%A7%D9%84%D8%AD%D9%8A%D8%A7%D8%A9-bir-omrun-sonbahari-2025-%D9%85%D8%AA%D8%B1%D8%AC%D9%85-%D8%A7%D9%88%D9%86-%D9%84%D8%A7%D9%8A%D9%86/
تحرر من القيود Rüzgara Birak 2025,movie,تحرر-من-القيود-r-zgara-birak-2025.jpg,https://tuk.tuktukarab.cfd/%D9%81%D9%8A%D9%84%D9%85-%D8%AA%D8%AD%D8%B1%D8%B1-%D9%85%D9%86-%D8%A7%D9%84%D9%82%D9%8A%D9%88%D8%AF-ruzgara-birak-2025-%D9%85%D8%AA%D8%B1%D8%AC%D9%85-%D8%A7%D9%88%D9%86-%D9%84%D8%A7%D9%8A%D9%86/
الأتراك قادمون: سيف العدالة 2020,movie,الأتراك-قادمون-سيف-العدالة-2020.jpg,https://tuk.tuktukarab.cfd/%D9%81%D9%8A%D9%84%D9%85-%D8%A7%D9%84%D8%A3%D8%AA%D8%B1%D8%A7%D9%83-%D9%82%D8%A7%D8%AF%D9%85%D9%88%D9%86-%D8%B3%D9%8A%D9%81-%D8%A7%D9%84%D8%B9%D8%AF%D8%A7%D9%84%D8%A9-2020-%D9%85%D8%AA%D8%B1%D8%AC%D9%85-%D8%A7%D9%88%D9%86-%D9%84%D8%A7%D9%8A%D9%86/
أتاتورك 1881 – 1919 Atatürk 1881 – 1919 2023,movie,أتاتورك-1881-1919-atat-rk-1881-1919-2023.jpg,https://tuk.tuktukarab.cfd/%D9%81%D9%8A%D9%84%D9%85-%D8%A3%D8%AA%D8%A7%D8%AA%D9%88%D8%B1%D9%83-1881-1919-ataturk-1881-1919-2023-%D9%85%D8%AA%D8%B1%D8%AC%D9%85-%D8%A7%D9%88%D9%86-%D9%84%D8%A7%D9%8A%D9%86/
دموع جيم كاراجا Cem Karacanin Gzyaslari 2024,movie,دموع-جيم-كاراجا-cem-karacanin-gzyaslari-2024.jpg,https://tuk.tuktukarab.cfd/%D9%81%D9%8A%D9%84%D9%85-%D8%AF%D9%85%D9%88%D8%B9-%D8%AC%D9%8A%D9%85-%D9%83%D8%A7%D8%B1%D8%A7%D8%AC%D8%A7-cem-karacanin-gzyaslari-2024-%D9%85%D8%AA%D8%B1%D8%AC%D9%85-%D8%A7%D9%88%D9%86-%D9%84%D8%A7%D9%8A%D9%86/
المخلوقات Mahlkat 2022,movie,المخلوقات-mahlkat-2022.jpg,https://tuk.tuktukarab.cfd/%D9%81%D9%8A%D9%84%D9%85-%D8%A7%D9%84%D9%85%D8%AE%D9%84%D9%88%D9%82%D8%A7%D8%AA-mahlkat-2022-%D9%85%D8%AA%D8%B1%D8%AC%D9%85-%D8%A7%D9%88%D9%86-%D9%84%D8%A7%D9%8A%D9%86/
غوربوز: كن حذرا 2018,movie,غوربوز-كن-حذرا-2018.jpg,https://tuk.tuktukarab.cfd/%D9%81%D9%8A%D9%84%D9%85-%D8%BA%D9%88%D8%B1%D8%A8%D9%88%D8%B2-%D9%83%D9%86-%D8%AD%D8%B0%D8%B1%D8%A7-2018-%D9%85%D8%AA%D8%B1%D8%AC%D9%85-%D8%A7%D9%88%D9%86-%D9%84%D8%A7%D9%8A%D9%86/
وصيفة شرفابد Bridesmaid Forever,movie,وصيفة-شرفابد-bridesmaid-forever.jpg,https://tuk.tuktukarab.cfd/%D9%81%D9%8A%D9%84%D9%85-%D9%88%D8%B5%D9%8A%D9%81%D8%A9-%D8%B4%D8%B1%D9%81-%D8%A7%D9%84%D9%8A-%D8%A7%D9%84%D8%A7%D8%A8%D8%AF-bridesmaid-forever-%D9%85%D8%AF%D8%A8%D9%84%D8%AC-%D8%A7%D9%88%D9%86-%D9%84%D8%A7%D9%8A%D9%86/
درب السلامة Godspeed 2022,movie,درب-السلامة-godspeed-2022.jpg,https://tuk.tuktukarab.cfd/%D9%81%D9%8A%D9%84%D9%85-%D8%AF%D8%B1%D8%A8-%D8%A7%D9%84%D8%B3%D9%84%D8%A7%D9%85%D8%A9-godspeed-2022-%D9%85%D8%AA%D8%B1%D8%AC%D9%85-%D8%A7%D9%88%D9%86-%D9%84%D8%A7%D9%8A%D9%86/
مناحل العسل Keeping the Bees 2020,movie,مناحل-العسل-keeping-the-bees-2020.jpg,https://tuk.tuktukarab.cfd/%D9%81%D9%8A%D9%84%D9%85-%D9%85%D9%86%D8%A7%D8%AD%D9%84-%D8%A7%D9%84%D8%B9%D8%B3%D9%84-keeping-the-bees-2020-%D9%85%D8%AA%D8%B1%D8%AC%D9%85-%D8%A7%D9%88%D9%86-%D9%84%D8%A7%D9%8A%D9%86/
كل الخير ممكن Bütün Saadetler Mümkündür 2017,movie,كل-الخير-ممكن-b-t-n-saadetler-m-mk-nd-r-2017.jpg,https://tuk.tuktukarab.cfd/%D9%81%D9%8A%D9%84%D9%85-%D9%83%D9%84-%D8%A7%D9%84%D8%AE%D9%8A%D8%B1-%D9%85%D9%85%D9%83%D9%86-butun-saadetler-mumkundur-2017-%D9%85%D8%AA%D8%B1%D8%AC%D9%85-%D8%A7%D9%88%D9%86-%D9%84%D8%A7%D9%8A%D9%86/
هرقل الصغير: نعيم 2019,movie,هرقل-الصغير-نعيم-2019.jpg,https://tuk.tuktukarab.cfd/%D9%81%D9%8A%D9%84%D9%85-%D9%87%D8%B1%D9%82%D9%84-%D8%A7%D9%84%D8%B5%D8%BA%D9%8A%D8%B1-%D9%86%D8%B9%D9%8A%D9%85-2019-%D9%85%D8%AA%D8%B1%D8%AC%D9%85-%D8%A7%D9%88%D9%86-%D9%84%D8%A7%D9%8A%D9%86/
لوحة الجمال Güzelligin Portresi 2019,movie,لوحة-الجمال-g-zelligin-portresi-2019.jpg,https://tuk.tuktukarab.cfd/%D9%81%D9%8A%D9%84%D9%85-%D9%84%D9%88%D8%AD%D8%A9-%D8%A7%D9%84%D8%AC%D9%85%D8%A7%D9%84-guzelligin-portresi-2019-%D9%85%D8%AA%D8%B1%D8%AC%D9%85-%D8%A7%D9%88%D9%86-%D9%84%D8%A7%D9%8A%D9%86/
Project Y 2026,movie,project-y-2026.jpg,https://tuk.tuktukarab.cfd/%D9%81%D9%8A%D9%84%D9%85-project-y-2026-%D9%85%D8%AA%D8%B1%D8%AC%D9%85-%D8%A7%D9%88%D9%86-%D9%84%D8%A7%D9%8A%D9%86/
Sulutan 2026,movie,sulutan-2026.jpg,https://tuk.tuktukarab.cfd/%D9%81%D9%8A%D9%84%D9%85-sulutan-2026-%D9%85%D8%AA%D8%B1%D8%AC%D9%85-%D8%A7%D9%88%D9%86-%D9%84%D8%A7%D9%8A%D9%86/
The Book of Sijjin and Illiyyin 2025,movie,the-book-of-sijjin-and-illiyyin-2025.jpg,https://tuk.tuktukarab.cfd/%D9%81%D9%8A%D9%84%D9%85-the-book-of-sijjin-and-illiyyin-2025-%D9%85%D8%AA%D8%B1%D8%AC%D9%85-%D8%A7%D9%88%D9%86-%D9%84%D8%A7%D9%8A%D9%86/
Midnight Sun 2023,movie,midnight-sun-2023.jpg,https://tuk.tuktukarab.cfd/%D9%81%D9%8A%D9%84%D9%85-midnight-sun-2023-%D9%85%D8%AA%D8%B1%D8%AC%D9%85-%D8%A7%D9%88%D9%86-%D9%84%D8%A7%D9%8A%D9%86/
Wall to Wall 2025,movie,wall-to-wall-2025.jpg,https://tuk.tuktukarab.cfd/%D9%81%D9%8A%D9%84%D9%85-wall-to-wall-2025-%D9%85%D8%AA%D8%B1%D8%AC%D9%85-%D8%A7%D9%88%D9%86-%D9%84%D8%A7%D9%8A%D9%86/
She diao ying xiong zhuan: Xia zhi da zhe 2025,movie,she-diao-ying-xiong-zhuan-xia-zhi-da-zhe-2025.jpg,https://tuk.tuktukarab.cfd/%D9%81%D9%8A%D9%84%D9%85-she-diao-ying-xiong-zhuan-xia-zhi-da-zhe-2025-%D9%85%D8%AA%D8%B1%D8%AC%D9%85-%D8%A7%D9%88%D9%86-%D9%84%D8%A7%D9%8A%D9%86/
Obsessed 2014,movie,obsessed-2014.jpg,https://tuk.tuktukarab.cfd/%D9%81%D9%8A%D9%84%D9%85-obsessed-2014-%D9%85%D8%AA%D8%B1%D8%AC%D9%85-%D8%A7%D9%88%D9%86-%D9%84%D8%A7%D9%8A%D9%86/
Helter Skelter 2012,movie,helter-skelter-2012.jpg,https://tuk.tuktukarab.cfd/%D9%81%D9%8A%D9%84%D9%85-helter-skelter-2012-%D9%85%D8%AA%D8%B1%D8%AC%D9%85-%D8%A7%D9%88%D9%86-%D9%84%D8%A7%D9%8A%D9%86/
Malagkit 2025,movie,malagkit-2025.jpg,https://tuk.tuktukarab.cfd/%D9%81%D9%8A%D9%84%D9%85-malagkit-2025-%D9%85%D8%AA%D8%B1%D8%AC%D9%85-%D8%A7%D9%88%D9%86-%D9%84%D8%A7%D9%8A%D9%86/
Another Way 2015,movie,another-way-2015.jpg,https://tuk.tuktukarab.cfd/%D9%81%D9%8A%D9%84%D9%85-another-way-2015-%D9%85%D8%AA%D8%B1%D8%AC%D9%85-%D8%A7%D9%88%D9%86-%D9%84%D8%A7%D9%8A%D9%86/
A Balloon’s Landing 2024,movie,a-balloon-s-landing-2024.jpg,https://tuk.tuktukarab.cfd/%D9%81%D9%8A%D9%84%D9%85-a-balloons-landing-2024-%D9%85%D8%AA%D8%B1%D8%AC%D9%85-%D8%A7%D9%88%D9%86-%D9%84%D8%A7%D9%8A%D9%86/
Silent Love 2024,movie,silent-love-2024.jpg,https://tuk.tuktukarab.cfd/%D9%81%D9%8A%D9%84%D9%85-silent-love-2024-%D9%85%D8%AA%D8%B1%D8%AC%D9%85-%D8%A7%D9%88%D9%86-%D9%84%D8%A7%D9%8A%D9%86/
Dog Days 2024,movie,dog-days-2024.jpg,https://tuk.tuktukarab.cfd/%D9%81%D9%8A%D9%84%D9%85-dog-days-2024-%D9%85%D8%AA%D8%B1%D8%AC%D9%85-%D8%A7%D9%88%D9%86-%D9%84%D8%A7%D9%8A%D9%86/
The Parades 2024,movie,the-parades-2024.jpg,https://tuk.tuktukarab.cfd/%D9%81%D9%8A%D9%84%D9%85-the-parades-2024-%D9%85%D8%AA%D8%B1%D8%AC%D9%85-%D8%A7%D9%88%D9%86-%D9%84%D8%A7%D9%8A%D9%86/
Dear David Indonesia 2023,movie,dear-david-indonesia-2023.jpg,https://tuk.tuktukarab.cfd/%D9%81%D9%8A%D9%84%D9%85-dear-david-indonesia-2023-%D9%85%D8%AA%D8%B1%D8%AC%D9%85-%D8%A7%D9%88%D9%86-%D9%84%D8%A7%D9%8A%D9%86/
Kara 2026,movie,kara-2026.jpg,https://tuk.tuktukarab.cfd/%D9%81%D9%8A%D9%84%D9%85-kara-2026-%D9%85%D8%AA%D8%B1%D8%AC%D9%85-%D8%A7%D9%88%D9%86-%D9%84%D8%A7%D9%8A%D9%86/
Shesha 2016 2026,movie,shesha-2016-2026.jpg,https://tuk.tuktukarab.cfd/%D9%81%D9%8A%D9%84%D9%85-shesha-2016-2026-%D9%85%D8%AA%D8%B1%D8%AC%D9%85-%D8%A7%D9%88%D9%86-%D9%84%D8%A7%D9%8A%D9%86/
The Kerala Story 2 Goes Beyond 2026,movie,the-kerala-story-2-goes-beyond-2026.jpg,https://tuk.tuktukarab.cfd/%D9%81%D9%8A%D9%84%D9%85-the-kerala-story-2-goes-beyond-2026-%D9%85%D8%AA%D8%B1%D8%AC%D9%85-%D8%A7%D9%88%D9%86-%D9%84%D8%A7%D9%8A%D9%86/
Biker 2026,movie,biker-2026.jpg,https://tuk.tuktukarab.cfd/%D9%81%D9%8A%D9%84%D9%85-biker-2026-%D9%85%D8%AA%D8%B1%D8%AC%D9%85-%D8%A7%D9%88%D9%86-%D9%84%D8%A7%D9%8A%D9%86/
Itlu Me Yedava 2025,movie,itlu-me-yedava-2025.jpg,https://tuk.tuktukarab.cfd/%D9%81%D9%8A%D9%84%D9%85-itlu-me-yedava-2025-%D9%85%D8%AA%D8%B1%D8%AC%D9%85-%D8%A7%D9%88%D9%86-%D9%84%D8%A7%D9%8A%D9%86/
Diesel 2025,movie,diesel-2025.jpg,https://tuk.tuktukarab.cfd/%D9%81%D9%8A%D9%84%D9%85-diesel-2025-%D9%85%D8%AA%D8%B1%D8%AC%D9%85-%D8%A7%D9%88%D9%86-%D9%84%D8%A7%D9%8A%D9%86/
Homebound 2025,movie,homebound-2025.jpg,https://tuk.tuktukarab.cfd/%D9%81%D9%8A%D9%84%D9%85-homebound-2025-%D9%85%D8%AA%D8%B1%D8%AC%D9%85-%D8%A7%D9%88%D9%86-%D9%84%D8%A7%D9%8A%D9%86/
الحافلة الضائعة 2025,movie,الحافلة-الضائعة-2025.jpg,https://tuk.tuktukarab.cfd/%D9%81%D9%8A%D9%84%D9%85-%D8%A7%D9%84%D8%AD%D8%A7%D9%81%D9%84%D8%A9-%D8%A7%D9%84%D8%B6%D8%A7%D8%A6%D8%B9%D8%A9-2025-%D9%85%D8%AF%D8%A8%D9%84%D8%AC-%D8%A7%D9%88%D9%86-%D9%84%D8%A7%D9%8A%D9%86/
Guard: Revenge for Love 2025,movie,guard-revenge-for-love-2025.jpg,https://tuk.tuktukarab.cfd/%D9%81%D9%8A%D9%84%D9%85-guard-revenge-for-love-2025-%D9%85%D8%AA%D8%B1%D8%AC%D9%85-%D8%A7%D9%88%D9%86-%D9%84%D8%A7%D9%8A%D9%86/
916 Kunjuttan 2025,movie,916-kunjuttan-2025.jpg,https://tuk.tuktukarab.cfd/%D9%81%D9%8A%D9%84%D9%85-916-kunjuttan-2025-%D9%85%D8%AA%D8%B1%D8%AC%D9%85-%D8%A7%D9%88%D9%86-%D9%84%D8%A7%D9%8A%D9%86/
Anandi: Meyeder Protishodher Larai 2025,movie,anandi-meyeder-protishodher-larai-2025.jpg,https://tuk.tuktukarab.cfd/%D9%81%D9%8A%D9%84%D9%85-anandi-meyeder-protishodher-larai-2025-%D9%85%D8%AA%D8%B1%D8%AC%D9%85-%D8%A7%D9%88%D9%86-%D9%84%D8%A7%D9%8A%D9%86/
C 2024,movie,c-2024.jpg,https://tuk.tuktukarab.cfd/%D9%81%D9%8A%D9%84%D9%85-c-2024-%D9%85%D8%AA%D8%B1%D8%AC%D9%85-%D8%A7%D9%88%D9%86-%D9%84%D8%A7%D9%8A%D9%86/
Kaliyugam 2064 2025,movie,kaliyugam-2064-2025.jpg,https://tuk.tuktukarab.cfd/%D9%81%D9%8A%D9%84%D9%85-kaliyugam-2064-2025-%D9%85%D8%AA%D8%B1%D8%AC%D9%85-%D8%A7%D9%88%D9%86-%D9%84%D8%A7%D9%8A%D9%86/
Shivangi Lioness 2025,movie,shivangi-lioness-2025.jpg,https://tuk.tuktukarab.cfd/%D9%81%D9%8A%D9%84%D9%85-shivangi-lioness-2025-%D9%85%D8%AA%D8%B1%D8%AC%D9%85-%D8%A7%D9%88%D9%86-%D9%84%D8%A7%D9%8A%D9%86/
Rahasyadeep 2023,movie,rahasyadeep-2023.jpg,https://tuk.tuktukarab.cfd/%D9%81%D9%8A%D9%84%D9%85-rahasyadeep-2023-%D9%85%D8%AA%D8%B1%D8%AC%D9%85-%D8%A7%D9%88%D9%86-%D9%84%D8%A7%D9%8A%D9%86/
Vikaasaparva 2024,movie,vikaasaparva-2024.jpg,https://tuk.tuktukarab.cfd/%D9%81%D9%8A%D9%84%D9%85-vikaasaparva-2024-%D9%85%D8%AA%D8%B1%D8%AC%D9%85-%D8%A7%D9%88%D9%86-%D9%84%D8%A7%D9%8A%D9%86/
Sankrathiki Vasthunam 2025,movie,sankrathiki-vasthunam-2025.jpg,https://tuk.tuktukarab.cfd/%D9%81%D9%8A%D9%84%D9%85-sankrathiki-vasthunam-2025-%D9%85%D8%AA%D8%B1%D8%AC%D9%85-%D8%A7%D9%88%D9%86-%D9%84%D8%A7%D9%8A%D9%86/
Tenant Kannada 2024,movie,tenant-kannada-2024.jpg,https://tuk.tuktukarab.cfd/%D9%81%D9%8A%D9%84%D9%85-tenant-kannada-2024-%D9%85%D8%AA%D8%B1%D8%AC%D9%85-%D8%A7%D9%88%D9%86-%D9%84%D8%A7%D9%8A%D9%86/
25 25 50 2025,movie,25-25-50-2025.jpg,https://tuk.tuktukarab.cfd/%D9%81%D9%8A%D9%84%D9%85-25-25-50-2025-%D9%85%D8%AA%D8%B1%D8%AC%D9%85-%D8%A7%D9%88%D9%86-%D9%84%D8%A7%D9%8A%D9%86/
DSP Bhullar 2025,movie,dsp-bhullar-2025.jpg,https://tuk.tuktukarab.cfd/%D9%81%D9%8A%D9%84%D9%85-dsp-bhullar-2025-%D9%85%D8%AA%D8%B1%D8%AC%D9%85-%D8%A7%D9%88%D9%86-%D9%84%D8%A7%D9%8A%D9%86/
Tenant Telugu 2024,movie,tenant-telugu-2024.jpg,https://tuk.tuktukarab.cfd/%D9%81%D9%8A%D9%84%D9%85-tenant-telugu-2024-%D9%85%D8%AA%D8%B1%D8%AC%D9%85-%D8%A7%D9%88%D9%86-%D9%84%D8%A7%D9%8A%D9%86/
Nikhonj the Search Begins 2023,movie,nikhonj-the-search-begins-2023.jpg,https://tuk.tuktukarab.cfd/%D9%81%D9%8A%D9%84%D9%85-nikhonj-the-search-begins-2023-%D9%85%D8%AA%D8%B1%D8%AC%D9%85-%D8%A7%D9%88%D9%86-%D9%84%D8%A7%D9%8A%D9%86/
Angithee 3 2024,movie,angithee-3-2024.jpg,https://tuk.tuktukarab.cfd/%D9%81%D9%8A%D9%84%D9%85-angithee-3-2024-%D9%85%D8%AA%D8%B1%D8%AC%D9%85-%D8%A7%D9%88%D9%86-%D9%84%D8%A7%D9%8A%D9%86/
Joshua: Imai Pol Kaka 2024,movie,joshua-imai-pol-kaka-2024.jpg,https://tuk.tuktukarab.cfd/%D9%81%D9%8A%D9%84%D9%85-joshua-imai-pol-kaka-2024-%D9%85%D8%AA%D8%B1%D8%AC%D9%85-%D8%A7%D9%88%D9%86-%D9%84%D8%A7%D9%8A%D9%86/
Salaar Cease Fire – Part 1 2023,movie,salaar-cease-fire-part-1-2023.jpg,https://tuk.tuktukarab.cfd/%D9%81%D9%8A%D9%84%D9%85-salaar-cease-fire-part-1-2023-%D9%85%D8%AA%D8%B1%D8%AC%D9%85-%D8%A7%D9%88%D9%86-%D9%84%D8%A7%D9%8A%D9%86/
Annapoorni 2023,movie,annapoorni-2023.jpg,https://tuk.tuktukarab.cfd/%D9%81%D9%8A%D9%84%D9%85-annapoorni-2023-%D9%85%D8%AA%D8%B1%D8%AC%D9%85-%D8%A7%D9%88%D9%86-%D9%84%D8%A7%D9%8A%D9%86/
Chandraَِmukhi 2 2023,movie,chandramukhi-2-2023.jpg,https://tuk.tuktukarab.cfd/%D9%81%D9%8A%D9%84%D9%85-chandramukhi-2-2023-%D9%85%D8%AA%D8%B1%D8%AC%D9%85-%D8%A7%D9%88%D9%86-%D9%84%D8%A7%D9%8A%D9%86/
Archier Gallery 2023,movie,archier-gallery-2023.jpg,https://tuk.tuktukarab.cfd/%D9%81%D9%8A%D9%84%D9%85-archier-gallery-2023-%D9%85%D8%AA%D8%B1%D8%AC%D9%85-%D8%A7%D9%88%D9%86-%D9%84%D8%A7%D9%8A%D9%86/
Black War: Mission Exteme 2 2023,movie,black-war-mission-exteme-2-2023.jpg,https://tuk.tuktukarab.cfd/%D9%81%D9%8A%D9%84%D9%85-black-war-mission-exteme-2-2023-%D9%85%D8%AA%D8%B1%D8%AC%D9%85-%D8%A7%D9%88%D9%86-%D9%84%D8%A7%D9%8A%D9%86/
Andarmahal 2022,movie,andarmahal-2022.jpg,https://tuk.tuktukarab.cfd/%D9%81%D9%8A%D9%84%D9%85-andarmahal-2022-%D9%85%D8%AA%D8%B1%D8%AC%D9%85-%D8%A7%D9%88%D9%86-%D9%84%D8%A7%D9%8A%D9%86/
Oru Yemanin Kadhal Kadhai 2023,movie,oru-yemanin-kadhal-kadhai-2023.jpg,https://tuk.tuktukarab.cfd/%D9%81%D9%8A%D9%84%D9%85-oru-yemanin-kadhal-kadhai-2023-%D9%85%D8%AA%D8%B1%D8%AC%D9%85-%D8%A7%D9%88%D9%86-%D9%84%D8%A7%D9%8A%D9%86/
Mike 2022,movie,mike-2022.jpg,https://tuk.tuktukarab.cfd/%D9%85%D8%B3%D9%84%D8%B3%D9%84-mike-%D8%A7%D9%84%D9%85%D9%88%D8%B3%D9%85-%D8%A7%D9%84%D8%A7%D9%88%D9%84-%D8%A7%D9%84%D8%AD%D9%84%D9%82%D8%A9-1/
Karobaar: The Business of Love 2000,movie,karobaar-the-business-of-love-2000.jpg,https://tuk.tuktukarab.cfd/%D9%81%D9%8A%D9%84%D9%85-karobaar-the-business-of-love-2000-%D9%85%D8%AA%D8%B1%D8%AC%D9%85-%D8%A7%D9%88%D9%86-%D9%84%D8%A7%D9%8A%D9%86/
Dagdi Chawl 2 2022,movie,dagdi-chawl-2-2022.jpg,https://tuk.tuktukarab.cfd/%D9%81%D9%8A%D9%84%D9%85-dagdi-chawl-2-2022-%D9%85%D8%AA%D8%B1%D8%AC%D9%85-%D8%A7%D9%88%D9%86-%D9%84%D8%A7%D9%8A%D9%86/
Cuttputli 2022,movie,cuttputli-2022.jpg,https://tuk.tuktukarab.cfd/%D9%81%D9%8A%D9%84%D9%85-cuttputli-2022-%D9%85%D8%AA%D8%B1%D8%AC%D9%85-%D8%A7%D9%88%D9%86-%D9%84%D8%A7%D9%8A%D9%86/
Khuda Haafiz Chapter II Agni Pariksha 2022,movie,khuda-haafiz-chapter-ii-agni-pariksha-2022.jpg,https://tuk.tuktukarab.cfd/%D9%81%D9%8A%D9%84%D9%85-khuda-haafiz-chapter-ii-agni-pariksha-2022-%D9%85%D8%AA%D8%B1%D8%AC%D9%85-%D8%A7%D9%88%D9%86-%D9%84%D8%A7%D9%8A%D9%86/
Sher Bhagga 2022,movie,sher-bhagga-2022.jpg,https://tuk.tuktukarab.cfd/%D9%81%D9%8A%D9%84%D9%85-sher-bhagga-2022-%D9%85%D8%AA%D8%B1%D8%AC%D9%85-%D8%A7%D9%88%D9%86-%D9%84%D8%A7%D9%8A%D9%86/
Dil Phisla Rey Telefilm 2022,movie,dil-phisla-rey-telefilm-2022.jpg,https://tuk.tuktukarab.cfd/%D9%81%D9%8A%D9%84%D9%85-dil-phisla-rey-telefilm-2022-%D9%85%D8%AA%D8%B1%D8%AC%D9%85-%D8%A7%D9%88%D9%86-%D9%84%D8%A7%D9%8A%D9%86/
Grandma 2022,movie,grandma-2022.jpg,https://tuk.tuktukarab.cfd/%D9%81%D9%8A%D9%84%D9%85-grandma-2022-%D9%85%D8%AA%D8%B1%D8%AC%D9%85-%D8%A7%D9%88%D9%86-%D9%84%D8%A7%D9%8A%D9%86/
Humble Politiciann Nograj 2022,movie,humble-politiciann-nograj-2022.jpg,https://tuk.tuktukarab.cfd/%D9%81%D9%8A%D9%84%D9%85-humble-politiciann-nograj-2022-%D9%85%D8%AA%D8%B1%D8%AC%D9%85-%D8%A7%D9%88%D9%86-%D9%84%D8%A7%D9%8A%D9%86/
PellisandaD 2021,movie,pellisandad-2021.jpg,https://tuk.tuktukarab.cfd/%D9%81%D9%8A%D9%84%D9%85-pellisandad-2021-%D9%85%D8%AA%D8%B1%D8%AC%D9%85-%D8%A7%D9%88%D9%86-%D9%84%D8%A7%D9%8A%D9%86/
Unlock the Haunted App 2020,movie,unlock-the-haunted-app-2020.jpg,https://tuk.tuktukarab.cfd/%D9%81%D9%8A%D9%84%D9%85-unlock-the-haunted-app-2020-%D9%85%D8%AA%D8%B1%D8%AC%D9%85-%D8%A7%D9%88%D9%86-%D9%84%D8%A7%D9%8A%D9%86/
Sarkaru Vaari Paata 20222,movie,sarkaru-vaari-paata-20222.jpg,https://tuk.tuktukarab.cfd/%D9%81%D9%8A%D9%84%D9%85-sarkaru-vaari-paata-20222-%D9%85%D8%AA%D8%B1%D8%AC%D9%85-%D8%A7%D9%88%D9%86-%D9%84%D8%A7%D9%8A%D9%86/
The Hindu Boy 2022,movie,the-hindu-boy-2022.jpg,https://tuk.tuktukarab.cfd/%D9%81%D9%8A%D9%84%D9%85-the-hindu-boy-2022-%D9%85%D8%AA%D8%B1%D8%AC%D9%85-%D8%A7%D9%88%D9%86-%D9%84%D8%A7%D9%8A%D9%86/
The Bride of Humpty Sharma 2014,movie,the-bride-of-humpty-sharma-2014.jpg,https://tuk.tuktukarab.cfd/%D9%81%D9%8A%D9%84%D9%85-the-bride-of-humpty-sharma-2014-%D9%85%D8%AA%D8%B1%D8%AC%D9%85-%D8%A7%D9%88%D9%86-%D9%84%D8%A7%D9%8A%D9%86/
London Confidental 2020,movie,london-confidental-2020.jpg,https://tuk.tuktukarab.cfd/%D9%81%D9%8A%D9%84%D9%85-london-confidental-2020-%D9%85%D8%AA%D8%B1%D8%AC%D9%85-%D8%A7%D9%88%D9%86-%D9%84%D8%A7%D9%8A%D9%86/
[email protected]2021,movie,email-protected-2021.jpg,https://tuk.tuktukarab.cfd/%D9%81%D9%8A%D9%84%D9%85-srikrishnagmailcom-2021-%D9%85%D8%AA%D8%B1%D8%AC%D9%85-%D8%A7%D9%88%D9%86-%D9%84%D8%A7%D9%8A%D9%86/
Pen Vilai Verum 999 Rubai Mattume 2022,movie,pen-vilai-verum-999-rubai-mattume-2022.jpg,https://tuk.tuktukarab.cfd/%D9%81%D9%8A%D9%84%D9%85-pen-vilai-verum-999-rubai-mattume-2022-%D9%85%D8%AA%D8%B1%D8%AC%D9%85-%D8%A7%D9%88%D9%86-%D9%84%D8%A7%D9%8A%D9%86/
Pada 2022,movie,pada-2022.jpg,https://tuk.tuktukarab.cfd/%D9%81%D9%8A%D9%84%D9%85-pada-2022-%D9%85%D8%AA%D8%B1%D8%AC%D9%85-%D8%A7%D9%88%D9%86-%D9%84%D8%A7%D9%8A%D9%86/
A Tale of Punjab 2015,movie,a-tale-of-punjab-2015.jpg,https://tuk.tuktukarab.cfd/%D9%81%D9%8A%D9%84%D9%85-a-tale-of-punjab-2015-%D9%85%D8%AA%D8%B1%D8%AC%D9%85-%D8%A7%D9%88%D9%86-%D9%84%D8%A7%D9%8A%D9%86/
Nenu Leni Naa Premakatha 2021,movie,nenu-leni-naa-premakatha-2021.jpg,https://tuk.tuktukarab.cfd/%D9%81%D9%8A%D9%84%D9%85-nenu-leni-naa-premakatha-2021-%D9%85%D8%AA%D8%B1%D8%AC%D9%85-%D8%A7%D9%88%D9%86-%D9%84%D8%A7%D9%8A%D9%86/
Binisutoy: Without strings 2020,movie,binisutoy-without-strings-2020.jpg,https://tuk.tuktukarab.cfd/%D9%81%D9%8A%D9%84%D9%85-binisutoy-without-strings-2020-%D9%85%D8%AA%D8%B1%D8%AC%D9%85-%D8%A7%D9%88%D9%86-%D9%84%D8%A7%D9%8A%D9%86/
Kotigobba 2 20216,movie,kotigobba-2-20216.jpg,https://tuk.tuktukarab.cfd/%D9%81%D9%8A%D9%84%D9%85-kotigobba-2-20216-%D9%85%D8%AA%D8%B1%D8%AC%D9%85-%D8%A7%D9%88%D9%86-%D9%84%D8%A7%D9%8A%D9%86/
Sadar Udham 2021,movie,sadar-udham-2021.jpg,https://tuk.tuktukarab.cfd/%D9%81%D9%8A%D9%84%D9%85-sadar-udham-2021-%D9%85%D8%AA%D8%B1%D8%AC%D9%85-%D8%A7%D9%88%D9%86-%D9%84%D8%A7%D9%8A%D9%86/
Ishq: Not a Love Story 2021,movie,ishq-not-a-love-story-2021.jpg,https://tuk.tuktukarab.cfd/%D9%81%D9%8A%D9%84%D9%85-ishq-not-a-love-story-2021-%D9%85%D8%AA%D8%B1%D8%AC%D9%85-%D8%A7%D9%88%D9%86-%D9%84%D8%A7%D9%8A%D9%86/
Devdas Brothers 2021,movie,devdas-brothers-2021.jpg,https://tuk.tuktukarab.cfd/%D9%81%D9%8A%D9%84%D9%85-devdas-brothers-2021-%D9%85%D8%AA%D8%B1%D8%AC%D9%85-%D8%A7%D9%88%D9%86-%D9%84%D8%A7%D9%8A%D9%86/
Parigettu Parigettu 2021,movie,parigettu-parigettu-2021.jpg,https://tuk.tuktukarab.cfd/%D9%81%D9%8A%D9%84%D9%85-parigettu-parigettu-2021-%D9%85%D8%AA%D8%B1%D8%AC%D9%85-%D8%A7%D9%88%D9%86-%D9%84%D8%A7%D9%8A%D9%86/
Choosi Choodangane 2020,movie,choosi-choodangane-2020.jpg,https://tuk.tuktukarab.cfd/%D9%81%D9%8A%D9%84%D9%85-choosi-choodangane-2020-%D9%85%D8%AA%D8%B1%D8%AC%D9%85-%D8%A7%D9%88%D9%86-%D9%84%D8%A7%D9%8A%D9%86/
Dowlath 2020,movie,dowlath-2020.jpg,https://tuk.tuktukarab.cfd/%D9%81%D9%8A%D9%84%D9%85-dowlath-2020-%D9%85%D8%AA%D8%B1%D8%AC%D9%85-%D8%A7%D9%88%D9%86-%D9%84%D8%A7%D9%8A%D9%86/
double sketch 2021,movie,double-sketch-2021.jpg,https://tuk.tuktukarab.cfd/%D9%81%D9%8A%D9%84%D9%85-double-sketch-2021-%D9%85%D8%AA%D8%B1%D8%AC%D9%85-%D8%A7%D9%88%D9%86-%D9%84%D8%A7%D9%8A%D9%86/
Sara’s 2021,movie,sara-s-2021.jpg,https://tuk.tuktukarab.cfd/%D9%81%D9%8A%D9%84%D9%85-saras-2021-%D9%85%D8%AA%D8%B1%D8%AC%D9%85-%D8%A7%D9%88%D9%86-%D9%84%D8%A7%D9%8A%D9%86/
Thayige thakka maga 2018,movie,thayige-thakka-maga-2018.jpg,https://tuk.tuktukarab.cfd/%D9%81%D9%8A%D9%84%D9%85-thayige-thakka-maga-2018-%D9%85%D8%AA%D8%B1%D8%AC%D9%85-%D8%A7%D9%88%D9%86-%D9%84%D8%A7%D9%8A%D9%86/
Madras Beats 2019,movie,madras-beats-2019.jpg,https://tuk.tuktukarab.cfd/%D9%81%D9%8A%D9%84%D9%85-madras-beats-2019-%D9%85%D8%AA%D8%B1%D8%AC%D9%85-%D8%A7%D9%88%D9%86-%D9%84%D8%A7%D9%8A%D9%86/
Balamitra 2021,movie,balamitra-2021.jpg,https://tuk.tuktukarab.cfd/%D9%81%D9%8A%D9%84%D9%85-balamitra-2021-%D9%85%D8%AA%D8%B1%D8%AC%D9%85-%D8%A7%D9%88%D9%86-%D9%84%D8%A7%D9%8A%D9%86/
Chopsticks 2019,movie,chopsticks-2019.jpg,https://tuk.tuktukarab.cfd/%D9%81%D9%8A%D9%84%D9%85-chopsticks-2019-%D9%85%D8%AA%D8%B1%D8%AC%D9%85-%D8%A7%D9%88%D9%86-%D9%84%D8%A7%D9%8A%D9%86/
Rajneeti 2010,movie,rajneeti-2010.jpg,https://tuk.tuktukarab.cfd/%D9%81%D9%8A%D9%84%D9%85-rajneeti-2010-%D9%85%D8%AA%D8%B1%D8%AC%D9%85-%D8%A7%D9%88%D9%86-%D9%84%D8%A7%D9%8A%D9%86/
Loha Pehalwan 2018,movie,loha-pehalwan-2018.jpg,https://tuk.tuktukarab.cfd/%D9%81%D9%8A%D9%84%D9%85-loha-pehalwan-2018-%D9%85%D8%AA%D8%B1%D8%AC%D9%85-%D8%A7%D9%88%D9%86-%D9%84%D8%A7%D9%8A%D9%86/
Orey Bujjigaa 2020,movie,orey-bujjigaa-2020.jpg,https://tuk.tuktukarab.cfd/%D9%81%D9%8A%D9%84%D9%85-orey-bujjigaa-2020-%D9%85%D8%AA%D8%B1%D8%AC%D9%85-%D8%A7%D9%88%D9%86-%D9%84%D8%A7%D9%8A%D9%86/
1920 London 2016,movie,1920-london-2016.jpg,https://tuk.tuktukarab.cfd/%D9%81%D9%8A%D9%84%D9%85-1920-london-2016-%D9%85%D8%AA%D8%B1%D8%AC%D9%85-%D8%A7%D9%88%D9%86-%D9%84%D8%A7%D9%8A%D9%86/
A Poet 2025,movie,a-poet-2025.jpg,https://tuk.tuktukarab.cfd/%D9%81%D9%8A%D9%84%D9%85-a-poet-2025-%D9%85%D8%AA%D8%B1%D8%AC%D9%85-%D8%A7%D9%88%D9%86-%D9%84%D8%A7%D9%8A%D9%86/
Fêlés 2024,movie,f-l-s-2024.jpg,https://tuk.tuktukarab.cfd/%D9%81%D9%8A%D9%84%D9%85-feles-2024-%D9%85%D8%AA%D8%B1%D8%AC%D9%85-%D8%A7%D9%88%D9%86-%D9%84%D8%A7%D9%8A%D9%86/
رهين 2025,movie,رهين-2025.jpg,https://tuk.tuktukarab.cfd/%D9%81%D9%8A%D9%84%D9%85-%D8%B1%D9%87%D9%8A%D9%86-2025-%D8%A7%D9%88%D9%86-%D9%84%D8%A7%D9%8A%D9%86/
‎عريس وعروستين ‎2025,movie,عريس-وعروستين-2025.jpg,https://tuk.tuktukarab.cfd/%D9%81%D9%8A%D9%84%D9%85-%D8%B9%D8%B1%D9%8A%D8%B3-%D9%88%D8%B9%D8%B1%D9%88%D8%B3%D8%AA%D9%8A%D9%86-2025-%D8%A7%D9%88%D9%86-%D9%84%D8%A7%D9%8A%D9%86/
The Final Load 2025,movie,the-final-load-2025.jpg,https://tuk.tuktukarab.cfd/%D9%81%D9%8A%D9%84%D9%85-the-final-load-2025-%D9%85%D8%AA%D8%B1%D8%AC%D9%85-%D8%A7%D9%88%D9%86-%D9%84%D8%A7%D9%8A%D9%86/
عائشة لا تستطيع الطيران 2025,movie,عائشة-لا-تستطيع-الطيران-2025.jpg,https://tuk.tuktukarab.cfd/%D9%81%D9%8A%D9%84%D9%85-%D8%B9%D8%A7%D8%A6%D8%B4%D8%A9-%D9%84%D8%A7-%D8%AA%D8%B3%D8%B7%D9%8A%D8%B9-%D8%A7%D9%84%D8%B7%D9%8A%D8%B1%D8%A7%D9%86-2025-%D8%A7%D9%88%D9%86-%D9%84%D8%A7%D9%8A%D9%86/
Yparho 2024,movie,yparho-2024.jpg,https://tuk.tuktukarab.cfd/%D9%81%D9%8A%D9%84%D9%85-yparho-2024-%D9%85%D8%AA%D8%B1%D8%AC%D9%85-%D8%A7%D9%88%D9%86-%D9%84%D8%A7%D9%8A%D9%86/
سيرات 2025,movie,سيرات-2025.jpg,https://tuk.tuktukarab.cfd/%D9%81%D9%8A%D9%84%D9%85-%D8%B3%D9%8A%D8%B1%D8%A7%D8%AA-2025-%D9%85%D8%AF%D8%A8%D9%84%D8%AC-%D8%A7%D9%88%D9%86-%D9%84%D8%A7%D9%8A%D9%86/
Führer und Verführer 2024,movie,f-hrer-und-verf-hrer-2024.jpg,https://tuk.tuktukarab.cfd/%D9%81%D9%8A%D9%84%D9%85-fuhrer-und-verfuhrer-2024-%D9%85%D8%AA%D8%B1%D8%AC%D9%85-%D8%A7%D9%88%D9%86-%D9%84%D8%A7%D9%8A%D9%86/
Látex rojo 2020,movie,l-tex-rojo-2020.jpg,https://tuk.tuktukarab.cfd/%D9%81%D9%8A%D9%84%D9%85-latex-rojo-2020-%D9%85%D8%AA%D8%B1%D8%AC%D9%85-%D8%A7%D9%88%D9%86-%D9%84%D8%A7%D9%8A%D9%86/
Cásese quien pueda 2014,movie,c-sese-quien-pueda-2014.jpg,https://tuk.tuktukarab.cfd/%D9%81%D9%8A%D9%84%D9%85-casese-quien-pueda-2014-%D9%85%D8%AA%D8%B1%D8%AC%D9%85-%D8%A7%D9%88%D9%86-%D9%84%D8%A7%D9%8A%D9%86/
Sing Naked 2025,movie,sing-naked-2025.jpg,https://tuk.tuktukarab.cfd/%D9%81%D9%8A%D9%84%D9%85-sing-naked-2025-%D9%85%D8%AA%D8%B1%D8%AC%D9%85-%D8%A7%D9%88%D9%86-%D9%84%D8%A7%D9%8A%D9%86/
War of the Worlds: Revival 2025,movie,war-of-the-worlds-revival-2025.jpg,https://tuk.tuktukarab.cfd/%D9%81%D9%8A%D9%84%D9%85-war-of-the-worlds-revival-2025-%D9%85%D8%AA%D8%B1%D8%AC%D9%85-%D8%A7%D9%88%D9%86-%D9%84%D8%A7%D9%8A%D9%86/
Köln 75 2025,movie,k-ln-75-2025.jpg,https://tuk.tuktukarab.cfd/%D9%81%D9%8A%D9%84%D9%85-koln-75-2025-%D9%85%D8%AA%D8%B1%D8%AC%D9%85-%D8%A7%D9%88%D9%86-%D9%84%D8%A7%D9%8A%D9%86/
Karol G: Tomorrow Will Be Beautiful 2025,movie,karol-g-tomorrow-will-be-beautiful-2025.jpg,https://tuk.tuktukarab.cfd/%D9%81%D9%8A%D9%84%D9%85-karol-g-tomorrow-will-be-beautiful-2025-%D9%85%D8%AA%D8%B1%D8%AC%D9%85-%D8%A7%D9%88%D9%86-%D9%84%D8%A7%D9%8A%D9%86/
Ephemeral Eternity 2018,movie,ephemeral-eternity-2018.jpg,https://tuk.tuktukarab.cfd/%D9%81%D9%8A%D9%84%D9%85-ephemeral-eternity-2018-%D9%85%D8%AA%D8%B1%D8%AC%D9%85-%D8%A7%D9%88%D9%86-%D9%84%D8%A7%D9%8A%D9%86/
S.T.A.L.K.E.R.: Shadow of the Zone 2024,movie,s-t-a-l-k-e-r-shadow-of-the-zone-2024.jpg,https://tuk.tuktukarab.cfd/%D9%81%D9%8A%D9%84%D9%85-stalker-shadow-of-the-zone-2024-%D9%85%D8%AA%D8%B1%D8%AC%D9%85-%D8%A7%D9%88%D9%86-%D9%84%D8%A7%D9%8A%D9%86/
White Skin Black Thighs 1976,movie,white-skin-black-thighs-1976.jpg,https://tuk.tuktukarab.cfd/%D9%81%D9%8A%D9%84%D9%85-white-skin-black-thighs-1976-%D9%85%D8%AA%D8%B1%D8%AC%D9%85-%D8%A7%D9%88%D9%86-%D9%84%D8%A7%D9%8A%D9%86/
Q 2011,movie,q-2011.jpg,https://tuk.tuktukarab.cfd/%D9%81%D9%8A%D9%84%D9%85-q-2011-%D9%85%D8%AA%D8%B1%D8%AC%D9%85-%D8%A7%D9%88%D9%86-%D9%84%D8%A7%D9%8A%D9%86/
Double Delivery 2024,movie,double-delivery-2024.jpg,https://tuk.tuktukarab.cfd/%D9%81%D9%8A%D9%84%D9%85-double-delivery-2024-%D9%85%D8%AA%D8%B1%D8%AC%D9%85-%D8%A7%D9%88%D9%86-%D9%84%D8%A7%D9%8A%D9%86/
Sunset After Dark 1996,movie,sunset-after-dark-1996.jpg,https://tuk.tuktukarab.cfd/%D9%81%D9%8A%D9%84%D9%85-sunset-after-dark-1996-%D9%85%D8%AA%D8%B1%D8%AC%D9%85-%D8%A7%D9%88%D9%86-%D9%84%D8%A7%D9%8A%D9%86/
I Want You 2012,movie,i-want-you-2012.jpg,https://tuk.tuktukarab.cfd/%D9%81%D9%8A%D9%84%D9%85-i-want-you-2012-%D9%85%D8%AA%D8%B1%D8%AC%D9%85-%D8%A7%D9%88%D9%86-%D9%84%D8%A7%D9%8A%D9%86/
Les Indésirables 2023,movie,les-ind-sirables-2023.jpg,https://tuk.tuktukarab.cfd/%D9%81%D9%8A%D9%84%D9%85-les-indesirables-2023-%D9%85%D8%AA%D8%B1%D8%AC%D9%85-%D8%A7%D9%88%D9%86-%D9%84%D8%A7%D9%8A%D9%86/
Wir könnten genauso gut tot sein 2022,movie,wir-k-nnten-genauso-gut-tot-sein-2022.jpg,https://tuk.tuktukarab.cfd/%D9%81%D9%8A%D9%84%D9%85-wir-konnten-genauso-gut-tot-sein-2022-%D9%85%D8%AA%D8%B1%D8%AC%D9%85-%D8%A7%D9%88%D9%86-%D9%84%D8%A7%D9%8A%D9%86/
عرض Seth Meyer : Dad Man Walking 2024,movie,عرض-seth-meyer-dad-man-walking-2024.jpg,https://tuk.tuktukarab.cfd/%D8%B9%D8%B1%D8%B6-seth-meyer-dad-man-walking-2024-%D9%85%D8%AA%D8%B1%D8%AC%D9%85-%D8%A7%D9%88%D9%86-%D9%84%D8%A7%D9%8A%D9%86/
Rafa Márquez: El Capitán 2024,movie,rafa-m-rquez-el-capit-n-2024.jpg,https://tuk.tuktukarab.cfd/%D9%81%D9%8A%D9%84%D9%85-rafa-marquez-el-capitan-2024-%D9%85%D8%AA%D8%B1%D8%AC%D9%85-%D8%A7%D9%88%D9%86-%D9%84%D8%A7%D9%8A%D9%86/
Die Hart 2: Die Harter 2024,movie,die-hart-2-die-harter-2024.jpg,https://tuk.tuktukarab.cfd/%D9%81%D9%8A%D9%84%D9%85-die-hart-2-die-harter-2024-%D9%85%D8%AA%D8%B1%D8%AC%D9%85-%D8%A7%D9%88%D9%86-%D9%84%D8%A7%D9%8A%D9%86/
The Teachers’ Lounge 2023,movie,the-teachers-lounge-2023.jpg,https://tuk.tuktukarab.cfd/%D9%81%D9%8A%D9%84%D9%85-the-teachers-lounge-2023-%D9%85%D8%AA%D8%B1%D8%AC%D9%85-%D8%A7%D9%88%D9%86-%D9%84%D8%A7%D9%8A%D9%86/
Brutln vedro 2023,movie,brutln-vedro-2023.jpg,https://tuk.tuktukarab.cfd/%D9%81%D9%8A%D9%84%D9%85-brutln-vedro-2023-%D9%85%D8%AA%D8%B1%D8%AC%D9%85-%D8%A7%D9%88%D9%86-%D9%84%D8%A7%D9%8A%D9%86/
Blind Man Teaches Girl To See 2024,movie,blind-man-teaches-girl-to-see-2024.jpg,https://tuk.tuktukarab.cfd/%D9%81%D9%8A%D9%84%D9%85-blind-man-teaches-girl-to-see-2024-%D9%85%D8%AA%D8%B1%D8%AC%D9%85-%D8%A7%D9%88%D9%86-%D9%84%D8%A7%D9%8A%D9%86/
ناقة NAGA 2023,movie,ناقة-naga-2023.jpg,https://tuk.tuktukarab.cfd/%D9%81%D9%8A%D9%84%D9%85-%D9%86%D8%A7%D9%82%D8%A9-naga-2023-%D9%85%D8%AA%D8%B1%D8%AC%D9%85-%D8%A7%D9%88%D9%86-%D9%84%D8%A7%D9%8A%D9%86/
The Conference 2023,movie,the-conference-2023.jpg,https://tuk.tuktukarab.cfd/%D9%81%D9%8A%D9%84%D9%85-the-conference-2023-%D9%85%D8%AA%D8%B1%D8%AC%D9%85-%D8%A7%D9%88%D9%86-%D9%84%D8%A7%D9%8A%D9%86/
My Teacher Ate My Friend 2023,movie,my-teacher-ate-my-friend-2023.jpg,https://tuk.tuktukarab.cfd/%D9%81%D9%8A%D9%84%D9%85-my-teacher-ate-my-friend-2023-%D9%85%D8%AA%D8%B1%D8%AC%D9%85-%D8%A7%D9%88%D9%86-%D9%84%D8%A7%D9%8A%D9%86/
Código Emperador 2022,movie,c-digo-emperador-2022.jpg,https://tuk.tuktukarab.cfd/%D9%81%D9%8A%D9%84%D9%85-codigo-emperador-2022-%D9%85%D8%AA%D8%B1%D8%AC%D9%85-%D8%A7%D9%88%D9%86-%D9%84%D8%A7%D9%8A%D9%86/
Mantcora 2022,movie,mantcora-2022.jpg,https://tuk.tuktukarab.cfd/%D9%81%D9%8A%D9%84%D9%85-mantcora-2022-%D9%85%D8%AA%D8%B1%D8%AC%D9%85-%D8%A7%D9%88%D9%86-%D9%84%D8%A7%D9%8A%D9%86/
Flamin Hot 202,movie,flamin-hot-202.jpg,https://tuk.tuktukarab.cfd/%D9%81%D9%8A%D9%84%D9%85-flamin-hot-202-%D9%85%D8%AA%D8%B1%D8%AC%D9%85-%D8%A7%D9%88%D9%86-%D9%84%D8%A7%D9%8A%D9%86/
Amy’s Fucket List 2023,movie,amy-s-fucket-list-2023.jpg,https://tuk.tuktukarab.cfd/%D9%81%D9%8A%D9%84%D9%85-amys-fucket-list-2023-%D9%85%D8%AA%D8%B1%D8%AC%D9%85-%D8%A7%D9%88%D9%86-%D9%84%D8%A7%D9%8A%D9%86/
Untitled KSI Documentary 2023,movie,untitled-ksi-documentary-2023.jpg,https://tuk.tuktukarab.cfd/%D9%81%D9%8A%D9%84%D9%85-untitled-ksi-documentary-2023-%D9%85%D8%AA%D8%B1%D8%AC%D9%85-%D8%A7%D9%88%D9%86-%D9%84%D8%A7%D9%8A%D9%86/
الخلاط+ 2023,movie,الخلاط-2023.jpg,https://tuk.tuktukarab.cfd/%D9%81%D9%8A%D9%84%D9%85-%D8%A7%D9%84%D8%AE%D9%84%D8%A7%D8%B7-2023-%D8%A7%D9%88%D9%86-%D9%84%D8%A7%D9%8A%D9%86/
Racionais MCs From the Streets of So Paulo 2022,movie,racionais-mcs-from-the-streets-of-so-paulo-2022.jpg,https://tuk.tuktukarab.cfd/%D9%81%D9%8A%D9%84%D9%85-racionais-mcs-from-the-streets-of-so-paulo-2022-%D9%85%D8%AA%D8%B1%D8%AC%D9%85-%D8%A7%D9%88%D9%86-%D9%84%D8%A7%D9%8A%D9%86/
Off Track 2022,movie,off-track-2022.jpg,https://tuk.tuktukarab.cfd/%D9%81%D9%8A%D9%84%D9%85-off-track-2022-%D9%85%D8%AA%D8%B1%D8%AC%D9%85-%D8%A7%D9%88%D9%86-%D9%84%D8%A7%D9%8A%D9%86/
عرض Panayiotis Pascot Almost 2022,movie,عرض-panayiotis-pascot-almost-2022.jpg,https://tuk.tuktukarab.cfd/%D8%B9%D8%B1%D8%B6-panayiotis-pascot-almost-2022-%D9%85%D8%AA%D8%B1%D8%AC%D9%85-%D8%A7%D9%88%D9%86-%D9%84%D8%A7%D9%8A%D9%86/
2022 Anikalupo,movie,2022-anikalupo.jpg,https://tuk.tuktukarab.cfd/%D9%81%D9%8A%D9%84%D9%85-2022-anikalupo-%D9%85%D8%AA%D8%B1%D8%AC%D9%85-%D8%A7%D9%88%D9%86-%D9%84%D8%A7%D9%8A%D9%86/
Cdigo Emperador 2022,movie,cdigo-emperador-2022.jpg,https://tuk.tuktukarab.cfd/%D9%81%D9%8A%D9%84%D9%85-cdigo-emperador-2022-%D9%85%D8%AA%D8%B1%D8%AC%D9%85-%D8%A7%D9%88%D9%86-%D9%84%D8%A7%D9%8A%D9%86/
The Colony 2021,movie,the-colony-2021.jpg,https://tuk.tuktukarab.cfd/%D9%81%D9%8A%D9%84%D9%85-the-colony-2021-%D9%85%D8%AA%D8%B1%D8%AC%D9%85-%D8%A7%D9%88%D9%86-%D9%84%D8%A7%D9%8A%D9%86/
Super-héros malgré lui 2021,movie,super-h-ros-malgr-lui-2021.jpg,https://tuk.tuktukarab.cfd/%D9%81%D9%8A%D9%84%D9%85-super-heros-malgre-lui-2021-%D9%85%D8%AA%D8%B1%D8%AC%D9%85-%D8%A7%D9%88%D9%86-%D9%84%D8%A7%D9%8A%D9%86/
Deep Fear 20222,movie,deep-fear-20222.jpg,https://tuk.tuktukarab.cfd/%D9%81%D9%8A%D9%84%D9%85-deep-fear-20222-%D9%85%D8%AA%D8%B1%D8%AC%D9%85-%D8%A7%D9%88%D9%86-%D9%84%D8%A7%D9%8A%D9%86/
Free! Movie 4: The Final Stroke – Zenpen 2021,movie,free-movie-4-the-final-stroke-zenpen-2021.jpg,https://tuk.tuktukarab.cfd/%D9%81%D9%8A%D9%84%D9%85-free-movie-4-the-final-stroke-zenpen-2021-%D9%85%D8%AA%D8%B1%D8%AC%D9%85-%D8%A7%D9%88%D9%86-%D9%84%D8%A7%D9%8A%D9%86/
Hit the Road 2021,movie,hit-the-road-2021.jpg,https://tuk.tuktukarab.cfd/%D9%81%D9%8A%D9%84%D9%85-hit-the-road-2021-%D9%85%D8%AA%D8%B1%D8%AC%D9%85-%D8%A7%D9%88%D9%86-%D9%84%D8%A7%D9%8A%D9%86/
Arsène Wenger: Invincible 2021,movie,ars-ne-wenger-invincible-2021.jpg,https://tuk.tuktukarab.cfd/%D9%81%D9%8A%D9%84%D9%85-arsene-wenger-invincible-2021-%D9%85%D8%AA%D8%B1%D8%AC%D9%85-%D8%A7%D9%88%D9%86-%D9%84%D8%A7%D9%8A%D9%86/
عودةميت: أخرجوا السكاكين 2025,movie,عودةميت-أخرجوا-السكاكين-2025.jpg,https://tuk.tuktukarab.cfd/%D9%81%D9%8A%D9%84%D9%85-%D8%B9%D9%88%D8%AF%D8%A9-%D8%A7%D9%84%D8%B1%D8%AC%D9%84-%D8%A7%D9%84%D9%85%D9%8A%D8%AA-%D8%A3%D8%AE%D8%B1%D8%AC%D9%88%D8%A7-%D8%A7%D9%84%D8%B3%D9%83%D8%A7%D9%83%D9%8A%D9%86-2025-%D9%85%D8%AF%D8%A8%D9%84%D8%AC-%D8%A7%D9%88%D9%86-%D9%84%D8%A7%D9%8A%D9%86/
الذراري الحمر 2025,movie,الذراري-الحمر-2025.jpg,https://tuk.tuktukarab.cfd/%D9%81%D9%8A%D9%84%D9%85-%D8%A7%D9%84%D8%B0%D8%B1%D8%A7%D8%B1%D9%8A-%D8%A7%D9%84%D8%AD%D9%85%D8%B1-2025-%D8%A7%D9%88%D9%86-%D9%84%D8%A7%D9%8A%D9%86/
جرس إنذار: الحفرة 2026,movie,جرس-إنذار-الحفرة-2026.jpg,https://tuk.tuktukarab.cfd/%D9%81%D9%8A%D9%84%D9%85-%D8%AC%D8%B1%D8%B3-%D8%A5%D9%86%D8%B0%D8%A7%D8%B1-%D8%A7%D9%84%D8%AD%D9%81%D8%B1%D8%A9-2026-%D8%A7%D9%88%D9%86-%D9%84%D8%A7%D9%8A%D9%86/
"Masha and the Bear, Special: The legend of the 12 Months 2022",movie,masha-and-the-bear-special-the-legend-of-the-12-months-2022.jpg,https://tuk.tuktukarab.cfd/%D9%81%D9%8A%D9%84%D9%85-masha-and-the-bear-special-the-legend-of-the-12-months-2022-%D9%85%D8%AA%D8%B1%D8%AC%D9%85-%D8%A7%D9%88%D9%86-%D9%84%D8%A7%D9%8A%D9%86/
صيفي 2024,movie,صيفي-2024.jpg,https://tuk.tuktukarab.cfd/%D9%81%D9%8A%D9%84%D9%85-%D8%B5%D9%8A%D9%81%D9%8A-2024-%D8%A7%D9%88%D9%86-%D9%84%D8%A7%D9%8A%D9%86/
A Thousand Kilometers from Christmas 2021,movie,a-thousand-kilometers-from-christmas-2021.jpg,https://tuk.tuktukarab.cfd/%D9%81%D9%8A%D9%84%D9%85-a-thousand-kilometers-from-christmas-2021-%D9%85%D8%AA%D8%B1%D8%AC%D9%85-%D8%A7%D9%88%D9%86-%D9%84%D8%A7%D9%8A%D9%86/
Nazha Reborn 2021,movie,nazha-reborn-2021.jpg,https://tuk.tuktukarab.cfd/%D9%81%D9%8A%D9%84%D9%85-nazha-reborn-2021-%D9%85%D8%AA%D8%B1%D8%AC%D9%85-%D8%A7%D9%88%D9%86-%D9%84%D8%A7%D9%8A%D9%86/
Fierce 2020,movie,fierce-2020.jpg,https://tuk.tuktukarab.cfd/%D9%81%D9%8A%D9%84%D9%85-fierce-2020-%D9%85%D8%AA%D8%B1%D8%AC%D9%85-%D8%A7%D9%88%D9%86-%D9%84%D8%A7%D9%8A%D9%86/
